file,filename_center_lon,filename_center_lat,filename_date,xml,selected_time_tag,selected_time,selected_time_raw,mid_time_from_start_end,xml_lon_tag,xml_center_lon,xml_lat_tag,xml_center_lat,coordinate_source,status,message
E:\进行时\美丽海湾\数据样本\GF2原始数据\GF2_PMS1_E117.5_N38.5_20171005_L1A0002652084.tar.gz,117.5,38.5,2017-10-05,GF2_PMS1_E117.5_N38.5_20171005_L1A0002652084-MSS1.xml,centertime,2017-10-05 11:35:37,2017-10-05 11:35:37,2017-10-05 11:35:37.500000,corner_average_longitude,117.516,corner_average_latitude,38.481875,xml_corner_average,ok,
E:\进行时\美丽海湾\数据样本\GF2原始数据\GF2_PMS1_E117.5_N38.5_20171227_L1A0002883396.tar.gz,117.5,38.5,2017-12-27,GF2_PMS1_E117.5_N38.5_20171227_L1A0002883396-MSS1.xml,centertime,2017-12-27 11:21:38,2017-12-27 11:21:38,2017-12-27 11:21:37.500000,corner_average_longitude,117.51,corner_average_latitude,38.47925,xml_corner_average,ok,
E:\进行时\美丽海湾\数据样本\GF2原始数据\GF2_PMS1_E117.5_N38.7_20171108_L1A0002748715.tar.gz,117.5,38.7,2017-11-08,GF2_PMS1_E117.5_N38.7_20171108_L1A0002748715-MSS1.xml,centertime,2017-11-08 11:26:29,2017-11-08 11:26:29,2017-11-08 11:26:28.500000,corner_average_longitude,117.45425,corner_average_latitude,38.656724999999994,xml_corner_average,ok,
E:\进行时\美丽海湾\数据样本\GF2原始数据\GF2_PMS1_E117.5_N38.7_20190101_L1A0003725525.tar.gz,117.5,38.7,2019-01-01,GF2_PMS1_E117.5_N38.7_20190101_L1A0003725525-MSS1.xml,centertime,2019-01-01 11:28:32,2019-01-01 11:28:32,2019-01-01 11:28:32.500000,corner_average_longitude,117.50675,corner_average_latitude,38.6566,xml_corner_average,ok,
E:\进行时\美丽海湾\数据样本\GF2原始数据\GF2_PMS1_E117.5_N38.7_20210715_L1A0005753982.tar.gz,117.5,38.7,2021-07-15,GF2_PMS1_E117.5_N38.7_20210715_L1A0005753982-MSS1.xml,centertime,2021-07-15 10:48:24,2021-07-15 10:48:24,2021-07-15 10:48:24.500000,corner_average_longitude,117.4845,corner_average_latitude,38.656475,xml_corner_average,ok,
E:\进行时\美丽海湾\数据样本\GF2原始数据\GF2_PMS1_E117.5_N38.7_20230507_L1A0007266643.tar.gz,117.5,38.7,2023-05-07,GF2_PMS1_E117.5_N38.7_20230507_L1A0007266643-MSS1.xml,centertime,2023-05-07 10:12:43,2023-05-07 10:12:43,2023-05-07 10:12:43.500000,corner_average_longitude,117.48857375,corner_average_latitude,38.66212375,xml_corner_average,ok,
E:\进行时\美丽海湾\数据样本\GF2原始数据\GF2_PMS1_E117.5_N38.7_20231130_L1A13507785001.tar.gz,117.5,38.7,2023-11-30,GF2_PMS1_E117.5_N38.7_20231130_L1A13507785001-MSS1.xml,centertime,2023-11-30 09:52:08,2023-11-30 09:52:08,2023-11-30 09:52:08,centerlongitude,117.508405,centerlatitude,38.661614,xml_center,ok,
E:\进行时\美丽海湾\数据样本\GF2原始数据\GF2_PMS1_E117.5_N38.7_20240207_L1A13665405001.tar.gz,117.5,38.7,2024-02-07,GF2_PMS1_E117.5_N38.7_20240207_L1A13665405001-MSS1.xml,centertime,2024-02-07 09:44:44,2024-02-07 09:44:44,2024-02-07 09:44:44,centerlongitude,117.479133,centerlatitude,38.660812,xml_center,ok,
E:\进行时\美丽海湾\数据样本\GF2原始数据\GF2_PMS1_E117.5_N38.8_20150426_L1A0000776162.tar.gz,117.5,38.8,2015-04-26,GF2_PMS1_E117.5_N38.8_20150426_L1A0000776162-MSS1.xml,centertime,2015-04-26 10:55:07,2015-04-26 10:55:07,2015-04-26 10:55:07.500000,corner_average_longitude,117.43950000000001,corner_average_latitude,38.704575,xml_corner_average,ok,
E:\进行时\美丽海湾\数据样本\GF2原始数据\GF2_PMS1_E117.5_N38.8_20171108_L1A0002748713.tar.gz,117.5,38.8,2017-11-08,GF2_PMS1_E117.5_N38.8_20171108_L1A0002748713-MSS1.xml,centertime,2017-11-08 11:26:26,2017-11-08 11:26:26,2017-11-08 11:26:25.500000,corner_average_longitude,117.50425,corner_average_latitude,38.8342,xml_corner_average,ok,
E:\进行时\美丽海湾\数据样本\GF2原始数据\GF2_PMS1_E117.5_N38.8_20181004_L1A0003521737.tar.gz,117.5,38.8,2018-10-04,GF2_PMS1_E117.5_N38.8_20181004_L1A0003521737-MSS1.xml,centertime,2018-10-04 11:23:23,2018-10-04 11:23:23,2018-10-04 11:23:22.500000,corner_average_longitude,117.44575,corner_average_latitude,38.8338,xml_corner_average,ok,
E:\进行时\美丽海湾\数据样本\GF2原始数据\GF2_PMS1_E117.5_N38.8_20240207_L1A13665404001.tar.gz,117.5,38.8,2024-02-07,GF2_PMS1_E117.5_N38.8_20240207_L1A13665404001-MSS1.xml,centertime,2024-02-07 09:44:41,2024-02-07 09:44:41,2024-02-07 09:44:41,centerlongitude,117.530198,centerlatitude,38.838297,xml_center,ok,
E:\进行时\美丽海湾\数据样本\GF2原始数据\GF2_PMS1_E117.5_N38.8_20240624_L1A13931607001.tar.gz,117.5,38.8,2024-06-24,GF2_PMS1_E117.5_N38.8_20240624_L1A13931607001-MSS1.xml,centertime,2024-06-24 09:28:35,2024-06-24 09:28:35,2024-06-24 09:28:35,centerlongitude,117.496646,centerlatitude,38.838226,xml_center,ok,
E:\进行时\美丽海湾\数据样本\GF2原始数据\GF2_PMS1_E117.6_N38.3_20220222_L1A0006307144.tar.gz,117.6,38.3,2022-02-22,GF2_PMS1_E117.6_N38.3_20220222_L1A0006307144-MSS1.xml,centertime,2022-02-22 10:39:28,2022-02-22 10:39:28,2022-02-22 10:39:28,corner_average_longitude,117.60675,corner_average_latitude,38.3019,xml_corner_average,ok,
E:\进行时\美丽海湾\数据样本\GF2原始数据\GF2_PMS1_E117.6_N38.5_20190311_L1A0003876190.tar.gz,117.6,38.5,2019-03-11,GF2_PMS1_E117.6_N38.5_20190311_L1A0003876190-MSS1.xml,centertime,2019-03-11 11:27:09,2019-03-11 11:27:09,2019-03-11 11:27:08.500000,corner_average_longitude,117.59174999999999,corner_average_latitude,38.479325,xml_corner_average,ok,
E:\进行时\美丽海湾\数据样本\GF2原始数据\GF2_PMS1_E117.6_N38.5_20211101_L1A0006004295.tar.gz,117.6,38.5,2021-11-01,GF2_PMS1_E117.6_N38.5_20211101_L1A0006004295-MSS1.xml,centertime,2021-11-01 10:53:20,2021-11-01 10:53:20,2021-11-01 10:53:19.500000,corner_average_longitude,117.63225,corner_average_latitude,38.4801,xml_corner_average,ok,
E:\进行时\美丽海湾\数据样本\GF2原始数据\GF2_PMS1_E117.6_N38.5_20250117_L1A14390545001.tar.gz,117.6,38.5,2025-01-17,GF2_PMS1_E117.6_N38.5_20250117_L1A14390545001-MSS1.xml,centertime,2025-01-17 09:47:22,2025-01-17 09:47:22,2025-01-17 09:47:21.500000,centerlongitude,117.548357,centerlatitude,38.484861,xml_center,ok,
E:\进行时\美丽海湾\数据样本\GF2原始数据\GF2_PMS1_E117.6_N38.7_20150817_L1A0000987853.tar.gz,117.6,38.7,2015-08-17,GF2_PMS1_E117.6_N38.7_20150817_L1A0000987853-MSS1.xml,centertime,2015-08-17 10:52:49,2015-08-17 10:52:49,2015-08-17 10:52:49,corner_average_longitude,117.5415,corner_average_latitude,38.6574,xml_corner_average,ok,
E:\进行时\美丽海湾\数据样本\GF2原始数据\GF2_PMS1_E117.6_N38.7_20170220_L1A0002204673.tar.gz,117.6,38.7,2017-02-20,GF2_PMS1_E117.6_N38.7_20170220_L1A0002204673-MSS1.xml,centertime,2017-02-20 11:26:56,2017-02-20 11:26:56,2017-02-20 11:26:56.500000,corner_average_longitude,117.58175,corner_average_latitude,38.656975,xml_corner_average,ok,
E:\进行时\美丽海湾\数据样本\GF2原始数据\GF2_PMS1_E117.6_N38.7_20170430_L1A0002334686.tar.gz,117.6,38.7,2017-04-30,GF2_PMS1_E117.6_N38.7_20170430_L1A0002334686-MSS1.xml,centertime,2017-04-30 11:27:15,2017-04-30 11:27:15,2017-04-30 11:27:14.500000,corner_average_longitude,117.5875,corner_average_latitude,38.656425,xml_corner_average,ok,
E:\进行时\美丽海湾\数据样本\GF2原始数据\GF2_PMS1_E117.6_N38.7_20171005_L1A0002652081.tar.gz,117.6,38.7,2017-10-05,GF2_PMS1_E117.6_N38.7_20171005_L1A0002652081-MSS1.xml,centertime,2017-10-05 11:35:34,2017-10-05 11:35:34,2017-10-05 11:35:34.500000,corner_average_longitude,117.57225,corner_average_latitude,38.6595,xml_corner_average,ok,
E:\进行时\美丽海湾\数据样本\GF2原始数据\GF2_PMS1_E117.6_N38.7_20171227_L1A0002883388.tar.gz,117.6,38.7,2017-12-27,GF2_PMS1_E117.6_N38.7_20171227_L1A0002883388-MSS1.xml,centertime,2017-12-27 11:21:35,2017-12-27 11:21:35,2017-12-27 11:21:34.500000,corner_average_longitude,117.55675,corner_average_latitude,38.656725,xml_corner_average,ok,
E:\进行时\美丽海湾\数据样本\GF2原始数据\GF2_PMS1_E117.6_N38.7_20230227_L1A0007135302.tar.gz,117.6,38.7,2023-02-27,GF2_PMS1_E117.6_N38.7_20230227_L1A0007135302-MSS1.xml,centertime,2023-02-27 10:18:48,2023-02-27 10:18:48,2023-02-27 10:18:47.500000,corner_average_longitude,117.550196,corner_average_latitude,38.661786750000005,xml_corner_average,ok,
E:\进行时\美丽海湾\数据样本\GF2原始数据\GF2_PMS1_E117.6_N38.7_20250117_L1A14390544001.tar.gz,117.6,38.7,2025-01-17,GF2_PMS1_E117.6_N38.7_20250117_L1A14390544001-MSS1.xml,centertime,2025-01-17 09:47:19,2025-01-17 09:47:19,2025-01-17 09:47:18.500000,centerlongitude,117.601341,centerlatitude,38.662394,xml_center,ok,
E:\进行时\美丽海湾\数据样本\GF2原始数据\GF2_PMS1_E117.6_N38.8_20150817_L1A0000987852.tar.gz,117.6,38.8,2015-08-17,GF2_PMS1_E117.6_N38.8_20150817_L1A0000987852-MSS1.xml,centertime,2015-08-17 10:52:46,2015-08-17 10:52:46,2015-08-17 10:52:46,corner_average_longitude,117.58175,corner_average_latitude,38.834875,xml_corner_average,ok,
E:\进行时\美丽海湾\数据样本\GF2原始数据\GF2_PMS1_E117.6_N38.8_20160108_L1A0001319771.tar.gz,117.6,38.8,2016-01-08,GF2_PMS1_E117.6_N38.8_20160108_L1A0001319771-MSS1.xml,centertime,2016-01-08 11:18:38,2016-01-08 11:18:38,2016-01-08 11:18:38,corner_average_longitude,117.56425,corner_average_latitude,38.833600000000004,xml_corner_average,ok,
E:\进行时\美丽海湾\数据样本\GF2原始数据\GF2_PMS1_E117.6_N38.8_20171005_L1A0002652083.tar.gz,117.6,38.8,2017-10-05,GF2_PMS1_E117.6_N38.8_20171005_L1A0002652083-MSS1.xml,centertime,2017-10-05 11:35:31,2017-10-05 11:35:31,2017-10-05 11:35:31.500000,corner_average_longitude,117.62875,corner_average_latitude,38.836925,xml_corner_average,ok,
E:\进行时\美丽海湾\数据样本\GF2原始数据\GF2_PMS1_E117.6_N38.8_20171227_L1A0002883389.tar.gz,117.6,38.8,2017-12-27,GF2_PMS1_E117.6_N38.8_20171227_L1A0002883389-MSS1.xml,centertime,2017-12-27 11:21:32,2017-12-27 11:21:32,2017-12-27 11:21:32,corner_average_longitude,117.60325,corner_average_latitude,38.83425,xml_corner_average,ok,
E:\进行时\美丽海湾\数据样本\GF2原始数据\GF2_PMS1_E117.6_N38.8_20190101_L1A0003725523.tar.gz,117.6,38.8,2019-01-01,GF2_PMS1_E117.6_N38.8_20190101_L1A0003725523-MSS1.xml,centertime,2019-01-01 11:28:29,2019-01-01 11:28:29,2019-01-01 11:28:29.500000,corner_average_longitude,117.559,corner_average_latitude,38.834075,xml_corner_average,ok,
E:\进行时\美丽海湾\数据样本\GF2原始数据\GF2_PMS1_E117.6_N38.8_20210715_L1A0005753980.tar.gz,117.6,38.8,2021-07-15,GF2_PMS1_E117.6_N38.8_20210715_L1A0005753980-MSS1.xml,centertime,2021-07-15 10:48:21,2021-07-15 10:48:21,2021-07-15 10:48:21.500000,corner_average_longitude,117.5285,corner_average_latitude,38.834025,xml_corner_average,ok,
E:\进行时\美丽海湾\数据样本\GF2原始数据\GF2_PMS1_E117.6_N38.8_20220621_L1A0006539577.tar.gz,117.6,38.8,2022-06-21,GF2_PMS1_E117.6_N38.8_20220621_L1A0006539577-MSS1.xml,centertime,2022-06-21 10:45:01,2022-06-21 10:45:01,2022-06-21 10:45:01,corner_average_longitude,117.57525,corner_average_latitude,38.83675,xml_corner_average,ok,
E:\进行时\美丽海湾\数据样本\GF2原始数据\GF2_PMS1_E117.6_N38.8_20230227_L1A14104677001.tar.gz,117.6,38.8,2023-02-27,GF2_PMS1_E117.6_N38.8_20230227_L1A14104677001-MSS1.xml,centertime,2023-02-27 10:18:45,2023-02-27 10:18:45,2023-02-27 10:18:44.500000,centerlongitude,117.601531,centerlatitude,38.839105,xml_center,ok,
E:\进行时\美丽海湾\数据样本\GF2原始数据\GF2_PMS1_E117.6_N38.8_20230507_L1A0007266640.tar.gz,117.6,38.8,2023-05-07,GF2_PMS1_E117.6_N38.8_20230507_L1A0007266640-MSS1.xml,centertime,2023-05-07 10:12:40,2023-05-07 10:12:40,2023-05-07 10:12:40.500000,corner_average_longitude,117.5398185,corner_average_latitude,38.83958325,xml_corner_average,ok,
E:\进行时\美丽海湾\数据样本\GF2原始数据\GF2_PMS1_E117.6_N38.8_20231130_L1A13507784001.tar.gz,117.6,38.8,2023-11-30,GF2_PMS1_E117.6_N38.8_20231130_L1A13507784001-MSS1.xml,centertime,2023-11-30 09:52:05,2023-11-30 09:52:05,2023-11-30 09:52:05,centerlongitude,117.559534,centerlatitude,38.839096,xml_center,ok,
E:\进行时\美丽海湾\数据样本\GF2原始数据\GF2_PMS1_E117.6_N39.0_20150426_L1A0000776161.tar.gz,117.6,39.0,2015-04-26,GF2_PMS1_E117.6_N39.0_20150426_L1A0000776161-MSS1.xml,centertime,2015-04-26 10:55:04,2015-04-26 10:55:04,2015-04-26 10:55:04.500000,corner_average_longitude,117.48375,corner_average_latitude,38.882400000000004,xml_corner_average,ok,
E:\进行时\美丽海湾\数据样本\GF2原始数据\GF2_PMS1_E117.6_N39.0_20230507_L1A0007266637.tar.gz,117.6,39.0,2023-05-07,GF2_PMS1_E117.6_N39.0_20230507_L1A0007266637-MSS1.xml,centertime,2023-05-07 10:12:38,2023-05-07 10:12:38,2023-05-07 10:12:37.500000,corner_average_longitude,117.59127075,corner_average_latitude,39.01706775,xml_corner_average,ok,
E:\进行时\美丽海湾\数据样本\GF2原始数据\GF2_PMS1_E117.7_N38.3_20171113_L1A0002763575.tar.gz,117.7,38.3,2017-11-13,GF2_PMS1_E117.7_N38.3_20171113_L1A0002763575-MSS1.xml,centertime,2017-11-13 11:28:04,2017-11-13 11:28:04,2017-11-13 11:28:04.500000,corner_average_longitude,117.68825000000001,corner_average_latitude,38.30205,xml_corner_average,ok,
E:\进行时\美丽海湾\数据样本\GF2原始数据\GF2_PMS1_E117.7_N38.3_20180111_L1A0002923385.tar.gz,117.7,38.3,2018-01-11,GF2_PMS1_E117.7_N38.3_20180111_L1A0002923385-MSS1.xml,centertime,2018-01-11 11:25:54,2018-01-11 11:25:54,2018-01-11 11:25:54,corner_average_longitude,117.70375,corner_average_latitude,38.293825,xml_corner_average,ok,
E:\进行时\美丽海湾\数据样本\GF2原始数据\GF2_PMS1_E117.7_N38.3_20180623_L1A0003276723.tar.gz,117.7,38.3,2018-06-23,GF2_PMS1_E117.7_N38.3_20180623_L1A0003276723-MSS1.xml,centertime,2018-06-23 11:32:22,2018-06-23 11:32:22,2018-06-23 11:32:22.500000,corner_average_longitude,117.72775,corner_average_latitude,38.30285,xml_corner_average,ok,
E:\进行时\美丽海湾\数据样本\GF2原始数据\GF2_PMS1_E117.7_N38.3_20191122_L1A0004411722.tar.gz,117.7,38.3,2019-11-22,GF2_PMS1_E117.7_N38.3_20191122_L1A0004411722-MSS1.xml,centertime,2019-11-22 11:16:36,2019-11-22 11:16:36,2019-11-22 11:16:35.500000,corner_average_longitude,117.68424999999999,corner_average_latitude,38.3014,xml_corner_average,ok,
E:\进行时\美丽海湾\数据样本\GF2原始数据\GF2_PMS1_E117.7_N38.3_20220227_L1A0006316899.tar.gz,117.7,38.3,2022-02-27,GF2_PMS1_E117.7_N38.3_20220227_L1A0006316899-MSS1.xml,centertime,2022-02-27 10:40:25,2022-02-27 10:40:25,2022-02-27 10:40:25,corner_average_longitude,117.69825,corner_average_latitude,38.301875,xml_corner_average,ok,
E:\进行时\美丽海湾\数据样本\GF2原始数据\GF2_PMS1_E117.7_N38.3_20220912_L1A0006742953.tar.gz,117.7,38.3,2022-09-12,GF2_PMS1_E117.7_N38.3_20220912_L1A0006742953-MSS1.xml,centertime,2022-09-12 10:23:59,2022-09-12 10:23:59,2022-09-12 10:23:59,corner_average_longitude,117.62774999999999,corner_average_latitude,38.302049999999994,xml_corner_average,ok,
E:\进行时\美丽海湾\数据样本\GF2原始数据\GF2_PMS1_E117.7_N38.3_20220912_L1A0006874875.tar.gz,117.7,38.3,2022-09-12,GF2_PMS1_E117.7_N38.3_20220912_L1A0006874875-MSS1.xml,centertime,2022-09-12 10:23:59,2022-09-12 10:23:59,2022-09-12 10:23:59,corner_average_longitude,117.62774999999999,corner_average_latitude,38.302049999999994,xml_corner_average,ok,
E:\进行时\美丽海湾\数据样本\GF2原始数据\GF2_PMS1_E117.7_N38.3_20220912_L1A0006918594.tar.gz,117.7,38.3,2022-09-12,GF2_PMS1_E117.7_N38.3_20220912_L1A0006918594-MSS1.xml,centertime,2022-09-12 10:23:59,2022-09-12 10:23:59,2022-09-12 10:23:59,corner_average_longitude,117.62885375,corner_average_latitude,38.30669875,xml_corner_average,ok,
E:\进行时\美丽海湾\数据样本\GF2原始数据\GF2_PMS1_E117.7_N38.5_20220222_L1A0006307143.tar.gz,117.7,38.5,2022-02-22,GF2_PMS1_E117.7_N38.5_20220222_L1A0006307143-MSS1.xml,centertime,2022-02-22 10:39:25,2022-02-22 10:39:25,2022-02-22 10:39:25,corner_average_longitude,117.65375,corner_average_latitude,38.479525,xml_corner_average,ok,
E:\进行时\美丽海湾\数据样本\GF2原始数据\GF2_PMS1_E117.7_N38.5_20220912_L1A0006875174.tar.gz,117.7,38.5,2022-09-12,GF2_PMS1_E117.7_N38.5_20220912_L1A0006875174-MSS1.xml,centertime,2022-09-12 10:23:56,2022-09-12 10:23:56,2022-09-12 10:23:56.500000,corner_average_longitude,117.67375,corner_average_latitude,38.479675,xml_corner_average,ok,
E:\进行时\美丽海湾\数据样本\GF2原始数据\GF2_PMS1_E117.7_N38.5_20220912_L1A0006918603.tar.gz,117.7,38.5,2022-09-12,GF2_PMS1_E117.7_N38.5_20220912_L1A0006918603-MSS1.xml,centertime,2022-09-12 10:23:56,2022-09-12 10:23:56,2022-09-12 10:23:56.500000,corner_average_longitude,117.67483924999999,corner_average_latitude,38.484277250000005,xml_corner_average,ok,
E:\进行时\美丽海湾\数据样本\GF2原始数据\GF2_PMS1_E117.7_N38.5_20221215_L1A0006990125.tar.gz,117.7,38.5,2022-12-15,GF2_PMS1_E117.7_N38.5_20221215_L1A0006990125-MSS1.xml,centertime,2022-12-15 10:24:25,2022-12-15 10:24:25,2022-12-15 10:24:25.500000,corner_average_longitude,117.67971175,corner_average_latitude,38.484197,xml_corner_average,ok,
E:\进行时\美丽海湾\数据样本\GF2原始数据\GF2_PMS1_E117.7_N38.7_20190311_L1A0003876188 (1).tar.gz,117.7,38.7,2019-03-11,GF2_PMS1_E117.7_N38.7_20190311_L1A0003876188-MSS1.xml,centertime,2019-03-11 11:27:06,2019-03-11 11:27:06,2019-03-11 11:27:05.500000,corner_average_longitude,117.64375,corner_average_latitude,38.65685,xml_corner_average,ok,
E:\进行时\美丽海湾\数据样本\GF2原始数据\GF2_PMS1_E117.7_N38.7_20190311_L1A0003876188.tar.gz,117.7,38.7,2019-03-11,GF2_PMS1_E117.7_N38.7_20190311_L1A0003876188-MSS1.xml,centertime,2019-03-11 11:27:06,2019-03-11 11:27:06,2019-03-11 11:27:05.500000,corner_average_longitude,117.64375,corner_average_latitude,38.65685,xml_corner_average,ok,
E:\进行时\美丽海湾\数据样本\GF2原始数据\GF2_PMS1_E117.7_N38.7_20211101_L1A0006004304.tar.gz,117.7,38.7,2021-11-01,GF2_PMS1_E117.7_N38.7_20211101_L1A0006004304-MSS1.xml,centertime,2021-11-01 10:53:17,2021-11-01 10:53:17,2021-11-01 10:53:16.500000,corner_average_longitude,117.68375,corner_average_latitude,38.657575,xml_corner_average,ok,
E:\进行时\美丽海湾\数据样本\GF2原始数据\GF2_PMS1_E117.7_N38.7_20220222_L1A0006307142.tar.gz,117.7,38.7,2022-02-22,GF2_PMS1_E117.7_N38.7_20220222_L1A0006307142-MSS1.xml,centertime,2022-02-22 10:39:22,2022-02-22 10:39:22,2022-02-22 10:39:22,corner_average_longitude,117.70025,corner_average_latitude,38.65695,xml_corner_average,ok,
E:\进行时\美丽海湾\数据样本\GF2原始数据\GF2_PMS1_E117.7_N38.8_20170430_L1A0002334683.tar.gz,117.7,38.8,2017-04-30,GF2_PMS1_E117.7_N38.8_20170430_L1A0002334683-MSS1.xml,centertime,2017-04-30 11:27:12,2017-04-30 11:27:12,2017-04-30 11:27:11.500000,corner_average_longitude,117.63974999999999,corner_average_latitude,38.8339,xml_corner_average,ok,
E:\进行时\美丽海湾\数据样本\GF2原始数据\GF2_PMS1_E117.7_N38.8_20190311_L1A0003876177 (1).tar.gz,117.7,38.8,2019-03-11,GF2_PMS1_E117.7_N38.8_20190311_L1A0003876177-MSS1.xml,centertime,2019-03-11 11:27:03,2019-03-11 11:27:03,2019-03-11 11:27:02.500000,corner_average_longitude,117.69575,corner_average_latitude,38.8343,xml_corner_average,ok,
E:\进行时\美丽海湾\数据样本\GF2原始数据\GF2_PMS1_E117.7_N38.8_20190311_L1A0003876177.tar.gz,117.7,38.8,2019-03-11,GF2_PMS1_E117.7_N38.8_20190311_L1A0003876177-MSS1.xml,centertime,2019-03-11 11:27:03,2019-03-11 11:27:03,2019-03-11 11:27:02.500000,corner_average_longitude,117.69575,corner_average_latitude,38.8343,xml_corner_average,ok,
E:\进行时\美丽海湾\数据样本\GF2原始数据\GF2_PMS1_E117.7_N38.8_20211101_L1A0006004303.tar.gz,117.7,38.8,2021-11-01,GF2_PMS1_E117.7_N38.8_20211101_L1A0006004303-MSS1.xml,centertime,2021-11-01 10:53:14,2021-11-01 10:53:14,2021-11-01 10:53:14,corner_average_longitude,117.73525000000001,corner_average_latitude,38.835025,xml_corner_average,ok,
E:\进行时\美丽海湾\数据样本\GF2原始数据\GF2_PMS1_E117.7_N38.8_20240709_L1A13945475001.tar.gz,117.7,38.8,2024-07-09,GF2_PMS1_E117.7_N38.8_20240709_L1A13945475001-MSS1.xml,centertime,2024-07-09 09:29:21,2024-07-09 09:29:21,2024-07-09 09:29:21.500000,centerlongitude,117.673552,centerlatitude,38.839774,xml_center,ok,
E:\进行时\美丽海湾\数据样本\GF2原始数据\GF2_PMS1_E117.7_N38.8_20250117_L1A14390543001.tar.gz,117.7,38.8,2025-01-17,GF2_PMS1_E117.7_N38.8_20250117_L1A14390543001-MSS1.xml,centertime,2025-01-17 09:47:16,2025-01-17 09:47:16,2025-01-17 09:47:15.500000,centerlongitude,117.65448,centerlatitude,38.839856,xml_center,ok,
E:\进行时\美丽海湾\数据样本\GF2原始数据\GF2_PMS1_E117.7_N39.0_20170430_L1A0002334680.tar.gz,117.7,39.0,2017-04-30,GF2_PMS1_E117.7_N39.0_20170430_L1A0002334680-MSS1.xml,centertime,2017-04-30 11:27:09,2017-04-30 11:27:09,2017-04-30 11:27:08.500000,corner_average_longitude,117.69175,corner_average_latitude,39.011275,xml_corner_average,ok,
E:\进行时\美丽海湾\数据样本\GF2原始数据\GF2_PMS1_E117.7_N39.0_20171005_L1A0002652078.tar.gz,117.7,39.0,2017-10-05,GF2_PMS1_E117.7_N39.0_20171005_L1A0002652078-MSS1.xml,centertime,2017-10-05 11:35:29,2017-10-05 11:35:29,2017-10-05 11:35:28.500000,corner_average_longitude,117.6855,corner_average_latitude,39.014475000000004,xml_corner_average,ok,
E:\进行时\美丽海湾\数据样本\GF2原始数据\GF2_PMS1_E117.7_N39.0_20230227_L1A0007135283.tar.gz,117.7,39.0,2023-02-27,GF2_PMS1_E117.7_N39.0_20230227_L1A0007135283-MSS1.xml,centertime,2023-02-27 10:18:42,2023-02-27 10:18:42,2023-02-27 10:18:41.500000,corner_average_longitude,117.652999,corner_average_latitude,39.016809,xml_corner_average,ok,
E:\进行时\美丽海湾\数据样本\GF2原始数据\GF2_PMS1_E117.7_N39.0_20240709_L1A13945474001.tar.gz,117.7,39.0,2024-07-09,GF2_PMS1_E117.7_N39.0_20240709_L1A13945474001-MSS1.xml,centertime,2024-07-09 09:29:19,2024-07-09 09:29:19,2024-07-09 09:29:18.500000,centerlongitude,117.727111,centerlatitude,39.017229,xml_center,ok,
E:\进行时\美丽海湾\数据样本\GF2原始数据\GF2_PMS1_E117.7_N39.0_20250117_L1A14390542001.tar.gz,117.7,39.0,2025-01-17,GF2_PMS1_E117.7_N39.0_20250117_L1A14390542001-MSS1.xml,centertime,2025-01-17 09:47:13,2025-01-17 09:47:13,2025-01-17 09:47:12.500000,centerlongitude,117.707845,centerlatitude,39.017334,xml_center,ok,
E:\进行时\美丽海湾\数据样本\GF2原始数据\GF2_PMS1_E117.7_N39.2_20171227_L1A0002883386.tar.gz,117.7,39.2,2017-12-27,GF2_PMS1_E117.7_N39.2_20171227_L1A0002883386-MSS1.xml,centertime,2017-12-27 11:21:26,2017-12-27 11:21:26,2017-12-27 11:21:26,corner_average_longitude,117.69749999999999,corner_average_latitude,39.189125,xml_corner_average,ok,
E:\进行时\美丽海湾\数据样本\GF2原始数据\GF2_PMS1_E117.7_N39.2_20230507_L1A0007266656.tar.gz,117.7,39.2,2023-05-07,GF2_PMS1_E117.7_N39.2_20230507_L1A0007266656-MSS1.xml,centertime,2023-05-07 10:12:35,2023-05-07 10:12:35,2023-05-07 10:12:34.500000,corner_average_longitude,117.64289125,corner_average_latitude,39.19453225,xml_corner_average,ok,
E:\进行时\美丽海湾\数据样本\GF2原始数据\GF2_PMS1_E117.7_N39.2_20231130_L1A13507782001.tar.gz,117.7,39.2,2023-11-30,GF2_PMS1_E117.7_N39.2_20231130_L1A13507782001-MSS1.xml,centertime,2023-11-30 09:51:59,2023-11-30 09:51:59,2023-11-30 09:51:59.500000,centerlongitude,117.662378,centerlatitude,39.194033,xml_center,ok,
E:\进行时\美丽海湾\数据样本\GF2原始数据\GF2_PMS1_E117.8_N38.3_20141016_L1A0000707296.tar.gz,117.8,38.3,2014-10-16,GF2_PMS1_E117.8_N38.3_20141016_L1A0000707296-MSS1.xml,centertime,2014-10-16 10:50:52,2014-10-16 10:50:52,2014-10-16 10:50:51.500000,corner_average_longitude,117.74,corner_average_latitude,38.22725,xml_corner_average,ok,
E:\进行时\美丽海湾\数据样本\GF2原始数据\GF2_PMS1_E117.8_N38.3_20141016_L1A0000751094.tar.gz,117.8,38.3,2014-10-16,GF2_PMS1_E117.8_N38.3_20141016_L1A0000751094-MSS1.xml,centertime,2014-10-16 10:50:52,2014-10-16 10:50:52,2014-10-16 10:50:51.500000,corner_average_longitude,117.74,corner_average_latitude,38.22725,xml_corner_average,ok,
E:\进行时\美丽海湾\数据样本\GF2原始数据\GF2_PMS1_E117.8_N38.3_20160405_L1A0001506098.tar.gz,117.8,38.3,2016-04-05,GF2_PMS1_E117.8_N38.3_20160405_L1A0001506098-MSS1.xml,centertime,2016-04-05 11:07:03,2016-04-05 11:07:03,2016-04-05 11:07:03,corner_average_longitude,117.7315,corner_average_latitude,38.302025,xml_corner_average,ok,
E:\进行时\美丽海湾\数据样本\GF2原始数据\GF2_PMS1_E117.8_N38.3_20220517_L1A0006474308.tar.gz,117.8,38.3,2022-05-17,GF2_PMS1_E117.8_N38.3_20220517_L1A0006474308-MSS1.xml,centertime,2022-05-17 10:38:23,2022-05-17 10:38:23,2022-05-17 10:38:23,corner_average_longitude,117.77525,corner_average_latitude,38.301925,xml_corner_average,ok,
E:\进行时\美丽海湾\数据样本\GF2原始数据\GF2_PMS1_E117.8_N38.3_20220522_L1A0006484803.tar.gz,117.8,38.3,2022-05-22,GF2_PMS1_E117.8_N38.3_20220522_L1A0006484803-MSS1.xml,centertime,2022-05-22 10:39:28,2022-05-22 10:39:28,2022-05-22 10:39:28.500000,corner_average_longitude,117.79875,corner_average_latitude,38.302275,xml_corner_average,ok,
E:\进行时\美丽海湾\数据样本\GF2原始数据\GF2_PMS1_E117.8_N38.3_20231022_L1A13408375001.tar.gz,117.8,38.3,2023-10-22,GF2_PMS1_E117.8_N38.3_20231022_L1A13408375001-MSS1.xml,centertime,2023-10-22 10:04:08,2023-10-22 10:04:08,2023-10-22 10:04:08.500000,centerlongitude,117.829112,centerlatitude,38.311896,xml_center,ok,
E:\进行时\美丽海湾\数据样本\GF2原始数据\GF2_PMS1_E117.8_N38.3_20240202_L1A13652311001.tar.gz,117.8,38.3,2024-02-02,GF2_PMS1_E117.8_N38.3_20240202_L1A13652311001-MSS1.xml,centertime,2024-02-02 09:43:42,2024-02-02 09:43:42,2024-02-02 09:43:41.500000,centerlongitude,117.797662,centerlatitude,38.306353,xml_center,ok,
E:\进行时\美丽海湾\数据样本\GF2原始数据\GF2_PMS1_E117.8_N38.3_20240416_L1A13786884001.tar.gz,117.8,38.3,2024-04-16,GF2_PMS1_E117.8_N38.3_20240416_L1A13786884001-MSS1.xml,centertime,2024-04-16 09:35:26,2024-04-16 09:35:26,2024-04-16 09:35:26.500000,centerlongitude,117.739657,centerlatitude,38.305906,xml_center,ok,
E:\进行时\美丽海湾\数据样本\GF2原始数据\GF2_PMS1_E117.8_N38.3_20240827_L1A14061112001.tar.gz,117.8,38.3,2024-08-27,GF2_PMS1_E117.8_N38.3_20240827_L1A14061112001-MSS1.xml,centertime,2024-08-27 09:33:06,2024-08-27 09:33:06,2024-08-27 09:33:05.500000,centerlongitude,117.824116,centerlatitude,38.306827,xml_center,ok,
E:\进行时\美丽海湾\数据样本\GF2原始数据\GF2_PMS1_E117.8_N38.5_20160405_L1A0001506120.tar.gz,117.8,38.5,2016-04-05,GF2_PMS1_E117.8_N38.5_20160405_L1A0001506120-MSS1.xml,centertime,2016-04-05 11:07:00,2016-04-05 11:07:00,2016-04-05 11:07:00.500000,corner_average_longitude,117.77575,corner_average_latitude,38.479524999999995,xml_corner_average,ok,
E:\进行时\美丽海湾\数据样本\GF2原始数据\GF2_PMS1_E117.8_N38.5_20180623_L1A0003276724.tar.gz,117.8,38.5,2018-06-23,GF2_PMS1_E117.8_N38.5_20180623_L1A0003276724-MSS1.xml,centertime,2018-06-23 11:32:19,2018-06-23 11:32:19,2018-06-23 11:32:19.500000,corner_average_longitude,117.78225,corner_average_latitude,38.480425,xml_corner_average,ok,
E:\进行时\美丽海湾\数据样本\GF2原始数据\GF2_PMS1_E117.8_N38.5_20220227_L1A0006316894.tar.gz,117.8,38.5,2022-02-27,GF2_PMS1_E117.8_N38.5_20220227_L1A0006316894-MSS1.xml,centertime,2022-02-27 10:40:22,2022-02-27 10:40:22,2022-02-27 10:40:22,corner_average_longitude,117.74600000000001,corner_average_latitude,38.47945,xml_corner_average,ok,
E:\进行时\美丽海湾\数据样本\GF2原始数据\GF2_PMS1_E117.8_N38.8_20220222_L1A0006307141.tar.gz,117.8,38.8,2022-02-22,GF2_PMS1_E117.8_N38.8_20220222_L1A0006307141-MSS1.xml,centertime,2022-02-22 10:39:19,2022-02-22 10:39:19,2022-02-22 10:39:19,corner_average_longitude,117.74725000000001,corner_average_latitude,38.834425,xml_corner_average,ok,
E:\进行时\美丽海湾\数据样本\GF2原始数据\GF2_PMS1_E117.8_N39.0_20190311_L1A0003876198.tar.gz,117.8,39.0,2019-03-11,GF2_PMS1_E117.8_N39.0_20190311_L1A0003876198-MSS1.xml,centertime,2019-03-11 11:27:00,2019-03-11 11:27:00,2019-03-11 11:26:59.500000,corner_average_longitude,117.74825,corner_average_latitude,39.0118,xml_corner_average,ok,
E:\进行时\美丽海湾\数据样本\GF2原始数据\GF2_PMS1_E117.8_N39.0_20211101_L1A0006004302.tar.gz,117.8,39.0,2021-11-01,GF2_PMS1_E117.8_N39.0_20211101_L1A0006004302-MSS1.xml,centertime,2021-11-01 10:53:11,2021-11-01 10:53:11,2021-11-01 10:53:11,corner_average_longitude,117.787,corner_average_latitude,39.012575,xml_corner_average,ok,
E:\进行时\美丽海湾\数据样本\GF2原始数据\GF2_PMS1_E117.8_N39.0_20220222_L1A0006307140.tar.gz,117.8,39.0,2022-02-22,GF2_PMS1_E117.8_N39.0_20220222_L1A0006307140-MSS1.xml,centertime,2022-02-22 10:39:16,2022-02-22 10:39:16,2022-02-22 10:39:16,corner_average_longitude,117.79475,corner_average_latitude,39.011849999999995,xml_corner_average,ok,
E:\进行时\美丽海湾\数据样本\GF2原始数据\GF2_PMS1_E117.8_N39.0_20221215_L1A0006990113.tar.gz,117.8,39.0,2022-12-15,GF2_PMS1_E117.8_N39.0_20221215_L1A0006990113-MSS1.xml,centertime,2022-12-15 10:24:17,2022-12-15 10:24:17,2022-12-15 10:24:16.500000,corner_average_longitude,117.83376175000001,corner_average_latitude,39.016661,xml_corner_average,ok,
E:\进行时\美丽海湾\数据样本\GF2原始数据\GF2_PMS1_E117.8_N39.2_20170430_L1A0002334682.tar.gz,117.8,39.2,2017-04-30,GF2_PMS1_E117.8_N39.2_20170430_L1A0002334682-MSS1.xml,centertime,2017-04-30 11:27:06,2017-04-30 11:27:06,2017-04-30 11:27:06,corner_average_longitude,117.74425,corner_average_latitude,39.188775,xml_corner_average,ok,
E:\进行时\美丽海湾\数据样本\GF2原始数据\GF2_PMS1_E117.8_N39.2_20190311_L1A0003876183.tar.gz,117.8,39.2,2019-03-11,GF2_PMS1_E117.8_N39.2_20190311_L1A0003876183-MSS1.xml,centertime,2019-03-11 11:26:57,2019-03-11 11:26:57,2019-03-11 11:26:57,corner_average_longitude,117.80075,corner_average_latitude,39.189225,xml_corner_average,ok,
E:\进行时\美丽海湾\数据样本\GF2原始数据\GF2_PMS1_E117.8_N39.2_20240709_L1A13945473001.tar.gz,117.8,39.2,2024-07-09,GF2_PMS1_E117.8_N39.2_20240709_L1A13945473001-MSS1.xml,centertime,2024-07-09 09:29:16,2024-07-09 09:29:16,2024-07-09 09:29:15.500000,centerlongitude,117.780868,centerlatitude,39.194721,xml_center,ok,
E:\进行时\美丽海湾\数据样本\GF2原始数据\GF2_PMS1_E117.8_N39.2_20250117_L1A14390541001.tar.gz,117.8,39.2,2025-01-17,GF2_PMS1_E117.8_N39.2_20250117_L1A14390541001-MSS1.xml,centertime,2025-01-17 09:47:10,2025-01-17 09:47:10,2025-01-17 09:47:10,centerlongitude,117.761383,centerlatitude,39.194796,xml_center,ok,
E:\进行时\美丽海湾\数据样本\GF2原始数据\GF2_PMS1_E117.9_N38.3_20150926_L1A0001064460.tar.gz,117.9,38.3,2015-09-26,GF2_PMS1_E117.9_N38.3_20150926_L1A0001064460-MSS1.xml,centertime,2015-09-26 11:05:26,2015-09-26 11:05:26,2015-09-26 11:05:26,corner_average_longitude,117.85225,corner_average_latitude,38.300475000000006,xml_corner_average,ok,
E:\进行时\美丽海湾\数据样本\GF2原始数据\GF2_PMS1_E117.9_N38.3_20190306_L1A0003865205.tar.gz,117.9,38.3,2019-03-06,GF2_PMS1_E117.9_N38.3_20190306_L1A0003865205-MSS1.xml,centertime,2019-03-06 11:25:55,2019-03-06 11:25:55,2019-03-06 11:25:55,corner_average_longitude,117.87875,corner_average_latitude,38.301775,xml_corner_average,ok,
E:\进行时\美丽海湾\数据样本\GF2原始数据\GF2_PMS1_E117.9_N38.3_20211022_L1A0005977303.tar.gz,117.9,38.3,2021-10-22,GF2_PMS1_E117.9_N38.3_20211022_L1A0005977303-MSS1.xml,centertime,2021-10-22 10:51:02,2021-10-22 10:51:02,2021-10-22 10:51:01.500000,corner_average_longitude,117.9255,corner_average_latitude,38.302175,xml_corner_average,ok,
E:\进行时\美丽海湾\数据样本\GF2原始数据\GF2_PMS1_E117.9_N38.3_20220109_L1A0006206595.tar.gz,117.9,38.3,2022-01-09,GF2_PMS1_E117.9_N38.3_20220109_L1A0006206595-MSS1.xml,centertime,2022-01-09 10:49:19,2022-01-09 10:49:19,2022-01-09 10:49:18.500000,corner_average_longitude,117.93525,corner_average_latitude,38.30245,xml_corner_average,ok,
E:\进行时\美丽海湾\数据样本\GF2原始数据\GF2_PMS1_E117.9_N38.3_20250112_L1A14378889001.tar.gz,117.9,38.3,2025-01-12,GF2_PMS1_E117.9_N38.3_20250112_L1A14378889001-MSS1.xml,centertime,2025-01-12 09:45:32,2025-01-12 09:45:32,2025-01-12 09:45:31.500000,centerlongitude,117.860309,centerlatitude,38.307275,xml_center,ok,
E:\进行时\美丽海湾\数据样本\GF2原始数据\GF2_PMS1_E117.9_N39.2_20211101_L1A0006004301.tar.gz,117.9,39.2,2021-11-01,GF2_PMS1_E117.9_N39.2_20211101_L1A0006004301-MSS1.xml,centertime,2021-11-01 10:53:08,2021-11-01 10:53:08,2021-11-01 10:53:08,corner_average_longitude,117.83924999999999,corner_average_latitude,39.189975000000004,xml_corner_average,ok,
E:\进行时\美丽海湾\数据样本\GF2原始数据\GF2_PMS1_E117.9_N39.2_20220222_L1A0006307139.tar.gz,117.9,39.2,2022-02-22,GF2_PMS1_E117.9_N39.2_20220222_L1A0006307139-MSS1.xml,centertime,2022-02-22 10:39:13,2022-02-22 10:39:13,2022-02-22 10:39:13,corner_average_longitude,117.842,corner_average_latitude,39.189350000000005,xml_corner_average,ok,
E:\进行时\美丽海湾\数据样本\GF2原始数据\GF2_PMS1_E117.9_N39.2_20220912_L1A0006918576.tar.gz,117.9,39.2,2022-09-12,GF2_PMS1_E117.9_N39.2_20220912_L1A0006918576-MSS1.xml,centertime,2022-09-12 10:23:45,2022-09-12 10:23:45,2022-09-12 10:23:44.500000,corner_average_longitude,117.86008050000001,corner_average_latitude,39.19415125,xml_corner_average,ok,
E:\进行时\美丽海湾\数据样本\GF2原始数据\GF2_PMS1_E117.9_N39.2_20221215_L1A0006990136.tar.gz,117.9,39.2,2022-12-15,GF2_PMS1_E117.9_N39.2_20221215_L1A0006990136-MSS1.xml,centertime,2022-12-15 10:24:14,2022-12-15 10:24:14,2022-12-15 10:24:13.500000,corner_average_longitude,117.88546175,corner_average_latitude,39.19412975,xml_corner_average,ok,
E:\进行时\美丽海湾\数据样本\GF2原始数据\GF2_PMS1_E118.0_N38.3_20150108_L1A0000575871.tar.gz,118.0,38.3,2015-01-08,GF2_PMS1_E118.0_N38.3_20150108_L1A0000575871-MSS1.xml,centertime,2015-01-08 10:59:44,2015-01-08 10:59:44,2015-01-08 10:59:44,corner_average_longitude,117.94175,corner_average_latitude,38.278975,xml_corner_average,ok,
E:\进行时\美丽海湾\数据样本\GF2原始数据\GF2_PMS1_E118.0_N38.3_20170210_L1A0002178201.tar.gz,118.0,38.3,2017-02-10,GF2_PMS1_E118.0_N38.3_20170210_L1A0002178201-MSS1.xml,centertime,2017-02-10 11:24:03,2017-02-10 11:24:03,2017-02-10 11:24:02.500000,corner_average_longitude,117.99925,corner_average_latitude,38.3019,xml_corner_average,ok,
E:\进行时\美丽海湾\数据样本\GF2原始数据\GF2_PMS1_E118.0_N38.3_20180929_L1A0003486488.tar.gz,118.0,38.3,2018-09-29,GF2_PMS1_E118.0_N38.3_20180929_L1A0003486488-MSS1.xml,centertime,2018-09-29 11:22:04,2018-09-29 11:22:04,2018-09-29 11:22:04.500000,corner_average_longitude,117.94800000000001,corner_average_latitude,38.30175,xml_corner_average,ok,
E:\进行时\美丽海湾\数据样本\GF2原始数据\GF2_PMS1_E118.0_N38.3_20190821_L1A0004193977.tar.gz,118.0,38.3,2019-08-21,GF2_PMS1_E118.0_N38.3_20190821_L1A0004193977-MSS1.xml,centertime,2019-08-21 11:31:12,2019-08-21 11:31:12,2019-08-21 11:31:12,corner_average_longitude,117.9945,corner_average_latitude,38.306174999999996,xml_corner_average,ok,
E:\进行时\美丽海湾\数据样本\GF2原始数据\GF2_PMS1_E118.0_N38.3_20190929_L1A0004274868.tar.gz,118.0,38.3,2019-09-29,GF2_PMS1_E118.0_N38.3_20190929_L1A0004274868-MSS1.xml,centertime,2019-09-29 11:21:48,2019-09-29 11:21:48,2019-09-29 11:21:47.500000,corner_average_longitude,117.97825,corner_average_latitude,38.302375,xml_corner_average,ok,
E:\进行时\美丽海湾\数据样本\GF2原始数据\GF2_PMS1_E118.0_N38.3_20220104_L1A0006193179.tar.gz,118.0,38.3,2022-01-04,GF2_PMS1_E118.0_N38.3_20220104_L1A0006193179-MSS1.xml,centertime,2022-01-04 10:48:09,2022-01-04 10:48:09,2022-01-04 10:48:08.500000,corner_average_longitude,117.9365,corner_average_latitude,38.302025,xml_corner_average,ok,
E:\进行时\美丽海湾\数据样本\GF2原始数据\GF2_PMS1_E118.0_N39.2_20160405_L1A0001506102.tar.gz,118.0,39.2,2016-04-05,GF2_PMS1_E118.0_N39.2_20160405_L1A0001506102-MSS1.xml,centertime,2016-04-05 11:06:49,2016-04-05 11:06:49,2016-04-05 11:06:49,corner_average_longitude,117.95525,corner_average_latitude,39.189425,xml_corner_average,ok,
E:\进行时\美丽海湾\数据样本\GF2原始数据\GF2_PMS1_E118.0_N39.2_20170930_L1A0002638329.tar.gz,118.0,39.2,2017-09-30,GF2_PMS1_E118.0_N39.2_20170930_L1A0002638329-MSS1.xml,centertime,2017-09-30 11:34:04,2017-09-30 11:34:04,2017-09-30 11:34:03.500000,corner_average_longitude,118.00725,corner_average_latitude,39.191825,xml_corner_average,ok,
E:\进行时\美丽海湾\数据样本\GF2原始数据\GF2_PMS1_E118.0_N39.2_20171113_L1A0002763336.tar.gz,118.0,39.2,2017-11-13,GF2_PMS1_E118.0_N39.2_20171113_L1A0002763336-MSS1.xml,centertime,2017-11-13 11:27:50,2017-11-13 11:27:50,2017-11-13 11:27:49.500000,corner_average_longitude,117.94775,corner_average_latitude,39.1895,xml_corner_average,ok,
E:\进行时\美丽海湾\数据样本\GF2原始数据\GF2_PMS1_E118.0_N39.2_20180111_L1A0002923390.tar.gz,118.0,39.2,2018-01-11,GF2_PMS1_E118.0_N39.2_20180111_L1A0002923390-MSS1.xml,centertime,2018-01-11 11:25:40,2018-01-11 11:25:40,2018-01-11 11:25:39.500000,corner_average_longitude,117.957,corner_average_latitude,39.188975,xml_corner_average,ok,
E:\进行时\美丽海湾\数据样本\GF2原始数据\GF2_PMS1_E118.0_N39.2_20180623_L1A0003276713.tar.gz,118.0,39.2,2018-06-23,GF2_PMS1_E118.0_N39.2_20180623_L1A0003276713-MSS1.xml,centertime,2018-06-23 11:32:08,2018-06-23 11:32:08,2018-06-23 11:32:07.500000,corner_average_longitude,118.00125,corner_average_latitude,39.1904,xml_corner_average,ok,
E:\进行时\美丽海湾\数据样本\GF2原始数据\GF2_PMS1_E118.0_N39.2_20220517_L1A0006474306.tar.gz,118.0,39.2,2022-05-17,GF2_PMS1_E118.0_N39.2_20220517_L1A0006474306-MSS1.xml,centertime,2022-05-17 10:38:08,2022-05-17 10:38:08,2022-05-17 10:38:08.500000,corner_average_longitude,118.02725,corner_average_latitude,39.189325000000004,xml_corner_average,ok,
E:\进行时\美丽海湾\数据样本\GF2原始数据\GF2_PMS1_E118.0_N39.2_20220917_L1A0006876300.tar.gz,118.0,39.2,2022-09-17,GF2_PMS1_E118.0_N39.2_20220917_L1A0006876300-MSS1.xml,centertime,2022-09-17 10:24:36,2022-09-17 10:24:36,2022-09-17 10:24:36,corner_average_longitude,117.9675,corner_average_latitude,39.18945,xml_corner_average,ok,
E:\进行时\美丽海湾\数据样本\GF2原始数据\GF2_PMS1_E118.0_N39.2_20220917_L1A0006922026.tar.gz,118.0,39.2,2022-09-17,GF2_PMS1_E118.0_N39.2_20220917_L1A0006922026-MSS1.xml,centertime,2022-09-17 10:24:36,2022-09-17 10:24:36,2022-09-17 10:24:36,corner_average_longitude,117.96867025,corner_average_latitude,39.194005000000004,xml_corner_average,ok,
E:\进行时\美丽海湾\数据样本\GF2原始数据\GF2_PMS1_E118.0_N39.2_20240416_L1A13786879001.tar.gz,118.0,39.2,2024-04-16,GF2_PMS1_E118.0_N39.2_20240416_L1A13786879001-MSS1.xml,centertime,2024-04-16 09:35:12,2024-04-16 09:35:12,2024-04-16 09:35:12,centerlongitude,117.994392,centerlatitude,39.193396,xml_center,ok,
E:\进行时\美丽海湾\数据样本\GF2原始数据\GF2_PMS1_E118.1_N38.3_20221007_L1A0006878244.tar.gz,118.1,38.3,2022-10-07,GF2_PMS1_E118.1_N38.3_20221007_L1A0006878244-MSS1.xml,centertime,2022-10-07 10:29:17,2022-10-07 10:29:17,2022-10-07 10:29:16.500000,corner_average_longitude,118.07075,corner_average_latitude,38.302925,xml_corner_average,ok,
E:\进行时\美丽海湾\数据样本\GF2原始数据\GF2_PMS1_E118.1_N38.3_20221012_L1A0006877566.tar.gz,118.1,38.3,2022-10-12,GF2_PMS1_E118.1_N38.3_20221012_L1A0006877566-MSS1.xml,centertime,2022-10-12 10:30:23,2022-10-12 10:30:23,2022-10-12 10:30:23.500000,corner_average_longitude,118.08250000000001,corner_average_latitude,38.303375,xml_corner_average,ok,
E:\进行时\美丽海湾\数据样本\GF2原始数据\GF2_PMS1_E118.1_N38.3_20230309_L1A0007157464.tar.gz,118.1,38.3,2023-03-09,GF2_PMS1_E118.1_N38.3_20230309_L1A0007157464-MSS1.xml,centertime,2023-03-09 10:20:14,2023-03-09 10:20:14,2023-03-09 10:20:14.500000,corner_average_longitude,118.04355975,corner_average_latitude,38.30838475,xml_corner_average,ok,
E:\进行时\美丽海湾\数据样本\GF2原始数据\GF2_PMS1_E118.1_N38.3_20230309_L1A14372583001.tar.gz,118.1,38.3,2023-03-09,GF2_PMS1_E118.1_N38.3_20230309_L1A14372583001-MSS1.xml,centertime,2023-03-09 10:20:14,2023-03-09 10:20:14,2023-03-09 10:20:14.500000,centerlongitude,118.043067,centerlatitude,38.308221,xml_center,ok,
E:\进行时\美丽海湾\数据样本\GF2原始数据\GF2_PMS1_E118.1_N39.0_20211022_L1A0005977300.tar.gz,118.1,39.0,2021-10-22,GF2_PMS1_E118.1_N39.0_20211022_L1A0005977300-MSS1.xml,centertime,2021-10-22 10:50:50,2021-10-22 10:50:50,2021-10-22 10:50:50,corner_average_longitude,118.12774999999999,corner_average_latitude,39.012125,xml_corner_average,ok,
E:\进行时\美丽海湾\数据样本\GF2原始数据\GF2_PMS1_E118.1_N39.2_20150323_L1A0000713165.tar.gz,118.1,39.2,2015-03-23,GF2_PMS1_E118.1_N39.2_20150323_L1A0000713165-MSS1.xml,centertime,2015-03-23 11:03:19,2015-03-23 11:03:19,2015-03-23 11:03:18.500000,corner_average_longitude,118.06700000000001,corner_average_latitude,39.164975,xml_corner_average,ok,
E:\进行时\美丽海湾\数据样本\GF2原始数据\GF2_PMS1_E118.1_N39.2_20150926_L1A0001064455.tar.gz,118.1,39.2,2015-09-26,GF2_PMS1_E118.1_N39.2_20150926_L1A0001064455-MSS1.xml,centertime,2015-09-26 11:05:12,2015-09-26 11:05:12,2015-09-26 11:05:11.500000,corner_average_longitude,118.09275,corner_average_latitude,39.187925,xml_corner_average,ok,
E:\进行时\美丽海湾\数据样本\GF2原始数据\GF2_PMS1_E118.1_N39.2_20160930_L1A0001857445.tar.gz,118.1,39.2,2016-09-30,GF2_PMS1_E118.1_N39.2_20160930_L1A0001857445-MSS1.xml,centertime,2016-09-30 11:22:55,2016-09-30 11:22:55,2016-09-30 11:22:54.500000,corner_average_longitude,118.06075,corner_average_latitude,39.18955,xml_corner_average,ok,
E:\进行时\美丽海湾\数据样本\GF2原始数据\GF2_PMS1_E118.1_N39.2_20201201_L1A0005273629.tar.gz,118.1,39.2,2020-12-01,GF2_PMS1_E118.1_N39.2_20201201_L1A0005273629-MSS1.xml,centertime,2020-12-01 11:12:46,2020-12-01 11:12:46,2020-12-01 11:12:45.500000,corner_average_longitude,118.13300000000001,corner_average_latitude,39.191424999999995,xml_corner_average,ok,
E:\进行时\美丽海湾\数据样本\GF2原始数据\GF2_PMS1_E118.1_N39.2_20210601_L1A0005676729.tar.gz,118.1,39.2,2021-06-01,GF2_PMS1_E118.1_N39.2_20210601_L1A0005676729-MSS1.xml,centertime,2021-06-01 10:57:06,2021-06-01 10:57:06,2021-06-01 10:57:06,corner_average_longitude,118.11675,corner_average_latitude,39.18815,xml_corner_average,ok,
E:\进行时\美丽海湾\数据样本\GF2原始数据\GF2_PMS1_E118.1_N39.2_20220522_L1A0006484805.tar.gz,118.1,39.2,2022-05-22,GF2_PMS1_E118.1_N39.2_20220522_L1A0006484805-MSS1.xml,centertime,2022-05-22 10:39:14,2022-05-22 10:39:14,2022-05-22 10:39:13.500000,corner_average_longitude,118.05625,corner_average_latitude,39.1897,xml_corner_average,ok,
E:\进行时\美丽海湾\数据样本\GF2原始数据\GF2_PMS1_E118.1_N39.2_20220527_L1A0006495403.tar.gz,118.1,39.2,2022-05-27,GF2_PMS1_E118.1_N39.2_20220527_L1A0006495403-MSS1.xml,centertime,2022-05-27 10:40:15,2022-05-27 10:40:15,2022-05-27 10:40:15,corner_average_longitude,118.1025,corner_average_latitude,39.190225,xml_corner_average,ok,
E:\进行时\美丽海湾\数据样本\GF2原始数据\GF2_PMS1_E118.1_N39.2_20231022_L1A13408370001.tar.gz,118.1,39.2,2023-10-22,GF2_PMS1_E118.1_N39.2_20231022_L1A13408370001-MSS1.xml,centertime,2023-10-22 10:03:54,2023-10-22 10:03:54,2023-10-22 10:03:54,centerlongitude,118.11659,centerlatitude,39.199544,xml_center,ok,
E:\进行时\美丽海湾\数据样本\GF2原始数据\GF2_PMS1_E118.1_N39.2_20240202_L1A13652306001.tar.gz,118.1,39.2,2024-02-02,GF2_PMS1_E118.1_N39.2_20240202_L1A13652306001-MSS1.xml,centertime,2024-02-02 09:43:27,2024-02-02 09:43:27,2024-02-02 09:43:27.500000,centerlongitude,118.052869,centerlatitude,39.193839,xml_center,ok,
E:\进行时\美丽海湾\数据样本\GF2原始数据\GF2_PMS1_E118.1_N39.2_20240827_L1A14061107001.tar.gz,118.1,39.2,2024-08-27,GF2_PMS1_E118.1_N39.2_20240827_L1A14061107001-MSS1.xml,centertime,2024-08-27 09:32:51,2024-08-27 09:32:51,2024-08-27 09:32:51,centerlongitude,118.090673,centerlatitude,39.194296,xml_center,ok,
E:\进行时\美丽海湾\数据样本\GF2原始数据\GF2_PMS1_E118.1_N39.2_20250112_L1A14378884001.tar.gz,118.1,39.2,2025-01-12,GF2_PMS1_E118.1_N39.2_20250112_L1A14378884001-MSS1.xml,centertime,2025-01-12 09:45:17,2025-01-12 09:45:17,2025-01-12 09:45:17,centerlongitude,118.126263,centerlatitude,39.194758,xml_center,ok,
E:\进行时\美丽海湾\数据样本\GF2原始数据\GF2_PMS1_E118.2_N39.0_20170210_L1A0002178194.tar.gz,118.2,39.0,2017-02-10,GF2_PMS1_E118.2_N39.0_20170210_L1A0002178194-MSS1.xml,centertime,2017-02-10 11:23:51,2017-02-10 11:23:51,2017-02-10 11:23:51,corner_average_longitude,118.2065,corner_average_latitude,39.011825,xml_corner_average,ok,
E:\进行时\美丽海湾\数据样本\GF2原始数据\GF2_PMS1_E118.2_N39.0_20190821_L1A0004193971.tar.gz,118.2,39.0,2019-08-21,GF2_PMS1_E118.2_N39.0_20190821_L1A0004193971-MSS1.xml,centertime,2019-08-21 11:31:00,2019-08-21 11:31:00,2019-08-21 11:31:00.500000,corner_average_longitude,118.225,corner_average_latitude,39.016324999999995,xml_corner_average,ok,
E:\进行时\美丽海湾\数据样本\GF2原始数据\GF2_PMS1_E118.2_N39.0_20190929_L1A0004274864.tar.gz,118.2,39.0,2019-09-29,GF2_PMS1_E118.2_N39.0_20190929_L1A0004274864-MSS1.xml,centertime,2019-09-29 11:21:36,2019-09-29 11:21:36,2019-09-29 11:21:36,corner_average_longitude,118.18625,corner_average_latitude,39.0124,xml_corner_average,ok,
E:\进行时\美丽海湾\数据样本\GF2原始数据\GF2_PMS1_E118.2_N39.0_20200423_L1A0005540188.tar.gz,118.2,39.0,2020-04-23,GF2_PMS1_E118.2_N39.0_20200423_L1A0005540188-MSS1.xml,centertime,2020-04-23 11:16:05,2020-04-23 11:16:05,2020-04-23 11:16:05,corner_average_longitude,118.18575,corner_average_latitude,39.012074999999996,xml_corner_average,ok,
E:\进行时\美丽海湾\数据样本\GF2原始数据\GF2_PMS1_E118.2_N39.0_20220104_L1A0006193175.tar.gz,118.2,39.0,2022-01-04,GF2_PMS1_E118.2_N39.0_20220104_L1A0006193175-MSS1.xml,centertime,2022-01-04 10:47:57,2022-01-04 10:47:57,2022-01-04 10:47:57,corner_average_longitude,118.14225,corner_average_latitude,39.012025,xml_corner_average,ok,
E:\进行时\美丽海湾\数据样本\GF2原始数据\GF2_PMS1_E118.2_N39.0_20250525_L1A14658164001.tar.gz,118.2,39.0,2025-05-25,GF2_PMS1_E118.2_N39.0_20250525_L1A14658164001-MSS1.xml,centertime,2025-05-25 09:55:19,2025-05-25 09:55:19,2025-05-25 09:55:19.500000,centerlongitude,118.237515,centerlatitude,39.0168,xml_center,ok,
E:\进行时\美丽海湾\数据样本\GF2原始数据\GF2_PMS1_E118.2_N39.2_20150108_L1A0000575866.tar.gz,118.2,39.2,2015-01-08,GF2_PMS1_E118.2_N39.2_20150108_L1A0000575866-MSS1.xml,centertime,2015-01-08 10:59:29,2015-01-08 10:59:29,2015-01-08 10:59:29.500000,corner_average_longitude,118.202,corner_average_latitude,39.166575,xml_corner_average,ok,
E:\进行时\美丽海湾\数据样本\GF2原始数据\GF2_PMS1_E118.2_N39.2_20211022_L1A0005977292.tar.gz,118.2,39.2,2021-10-22,GF2_PMS1_E118.2_N39.2_20211022_L1A0005977292-MSS1.xml,centertime,2021-10-22 10:50:47,2021-10-22 10:50:47,2021-10-22 10:50:47.500000,corner_average_longitude,118.17875000000001,corner_average_latitude,39.189575,xml_corner_average,ok,
E:\进行时\美丽海湾\数据样本\GF2原始数据\GF2_PMS1_E118.2_N39.2_20220104_L1A0006193174.tar.gz,118.2,39.2,2022-01-04,GF2_PMS1_E118.2_N39.2_20220104_L1A0006193174-MSS1.xml,centertime,2022-01-04 10:47:54,2022-01-04 10:47:54,2022-01-04 10:47:54,corner_average_longitude,118.194,corner_average_latitude,39.189525,xml_corner_average,ok,
E:\进行时\美丽海湾\数据样本\GF2原始数据\GF2_PMS1_E118.2_N39.2_20220804_L1A0006646776.tar.gz,118.2,39.2,2022-08-04,GF2_PMS1_E118.2_N39.2_20220804_L1A0006646776-MSS1.xml,centertime,2022-08-04 10:35:24,2022-08-04 10:35:24,2022-08-04 10:35:24.500000,corner_average_longitude,118.202,corner_average_latitude,39.190124999999995,xml_corner_average,ok,
E:\进行时\美丽海湾\数据样本\GF2原始数据\GF2_PMS1_E118.2_N39.2_20240421_L1A13797143001.tar.gz,118.2,39.2,2024-04-21,GF2_PMS1_E118.2_N39.2_20240421_L1A13797143001-MSS1.xml,centertime,2024-04-21 09:36:18,2024-04-21 09:36:18,2024-04-21 09:36:17.500000,centerlongitude,118.223273,centerlatitude,39.194174,xml_center,ok,
E:\进行时\美丽海湾\数据样本\GF2原始数据\GF2_PMS1_E118.3_N39.0_20171029_L1A0002722864.tar.gz,118.3,39.0,2017-10-29,GF2_PMS1_E118.3_N39.0_20171029_L1A0002722864-MSS1.xml,centertime,2017-10-29 11:23:19,2017-10-29 11:23:19,2017-10-29 11:23:18.500000,corner_average_longitude,118.28675,corner_average_latitude,39.011525,xml_corner_average,ok,
E:\进行时\美丽海湾\数据样本\GF2原始数据\GF2_PMS1_E118.3_N39.0_20190622_L1A0004072673.tar.gz,118.3,39.0,2019-06-22,GF2_PMS1_E118.3_N39.0_20190622_L1A0004072673-MSS1.xml,centertime,2019-06-22 11:15:30,2019-06-22 11:15:30,2019-06-22 11:15:30.500000,corner_average_longitude,118.3095,corner_average_latitude,39.01105,xml_corner_average,ok,
E:\进行时\美丽海湾\数据样本\GF2原始数据\GF2_PMS1_E118.3_N39.0_20241104_L1A14221943001.tar.gz,118.3,39.0,2024-11-04,GF2_PMS1_E118.3_N39.0_20241104_L1A14221943001-MSS1.xml,centertime,2024-11-04 09:38:28,2024-11-04 09:38:28,2024-11-04 09:38:28.500000,centerlongitude,118.264434,centerlatitude,39.017191,xml_center,ok,
E:\进行时\美丽海湾\数据样本\GF2原始数据\GF2_PMS1_E118.3_N39.0_20241104_L1A14222161001.tar.gz,118.3,39.0,2024-11-04,GF2_PMS1_E118.3_N39.0_20241104_L1A14222161001-MSS1.xml,centertime,2024-11-04 09:38:28,2024-11-04 09:38:28,2024-11-04 09:38:28.500000,centerlongitude,118.264434,centerlatitude,39.017191,xml_center,ok,
E:\进行时\美丽海湾\数据样本\GF2原始数据\GF2_PMS1_E118.3_N39.0_20241104_L1A14223329001.tar.gz,118.3,39.0,2024-11-04,GF2_PMS1_E118.3_N39.0_20241104_L1A14223329001-MSS1.xml,centertime,2024-11-04 09:38:28,2024-11-04 09:38:28,2024-11-04 09:38:28.500000,centerlongitude,118.264434,centerlatitude,39.017191,xml_center,ok,
E:\进行时\美丽海湾\数据样本\GF2原始数据\GF2_PMS1_E118.3_N39.0_20241104_L1A14224151001.tar.gz,118.3,39.0,2024-11-04,GF2_PMS1_E118.3_N39.0_20241104_L1A14224151001-MSS1.xml,centertime,2024-11-04 09:38:28,2024-11-04 09:38:28,2024-11-04 09:38:28.500000,centerlongitude,118.264434,centerlatitude,39.017191,xml_center,ok,
E:\进行时\美丽海湾\数据样本\GF2原始数据\GF2_PMS1_E118.3_N39.2_20190821_L1A0004193969.tar.gz,118.3,39.2,2019-08-21,GF2_PMS1_E118.3_N39.2_20190821_L1A0004193969-MSS1.xml,centertime,2019-08-21 11:30:57,2019-08-21 11:30:57,2019-08-21 11:30:57.500000,corner_average_longitude,118.28375,corner_average_latitude,39.193825000000004,xml_corner_average,ok,
E:\进行时\美丽海湾\数据样本\GF2原始数据\GF2_PMS1_E118.3_N39.2_20190929_L1A0004274867.tar.gz,118.3,39.2,2019-09-29,GF2_PMS1_E118.3_N39.2_20190929_L1A0004274867-MSS1.xml,centertime,2019-09-29 11:21:33,2019-09-29 11:21:33,2019-09-29 11:21:33.500000,corner_average_longitude,118.23875,corner_average_latitude,39.1899,xml_corner_average,ok,
E:\进行时\美丽海湾\数据样本\GF2原始数据\GF2_PMS1_E118.3_N39.2_20200423_L1A0005540202.tar.gz,118.3,39.2,2020-04-23,GF2_PMS1_E118.3_N39.2_20200423_L1A0005540202-MSS1.xml,centertime,2020-04-23 11:16:02,2020-04-23 11:16:02,2020-04-23 11:16:02,corner_average_longitude,118.23825,corner_average_latitude,39.189499999999995,xml_corner_average,ok,
E:\进行时\美丽海湾\数据样本\GF2原始数据\GF2_PMS1_E118.3_N39.2_20231120_L1A13484639001.tar.gz,118.3,39.2,2023-11-20,GF2_PMS1_E118.3_N39.2_20231120_L1A13484639001-MSS1.xml,centertime,2023-11-20 09:50:37,2023-11-20 09:50:37,2023-11-20 09:50:36.500000,centerlongitude,118.272173,centerlatitude,39.19395,xml_center,ok,
E:\进行时\美丽海湾\数据样本\GF2原始数据\GF2_PMS1_E118.3_N39.2_20250322_L1A14523469001.tar.gz,118.3,39.2,2025-03-22,GF2_PMS1_E118.3_N39.2_20250322_L1A14523469001-MSS1.xml,centertime,2025-03-22 09:50:24,2025-03-22 09:50:24,2025-03-22 09:50:24.500000,centerlongitude,118.274187,centerlatitude,39.194593,xml_center,ok,
E:\进行时\美丽海湾\数据样本\GF2原始数据\GF2_PMS1_E118.4_N39.0_20161005_L1A0001867805.tar.gz,118.4,39.0,2016-10-05,GF2_PMS1_E118.4_N39.0_20161005_L1A0001867805-MSS1.xml,centertime,2016-10-05 11:24:30,2016-10-05 11:24:30,2016-10-05 11:24:29.500000,corner_average_longitude,118.40525,corner_average_latitude,39.012924999999996,xml_corner_average,ok,
E:\进行时\美丽海湾\数据样本\GF2原始数据\GF2_PMS1_E118.4_N39.0_20180205_L1A0002983294.tar.gz,118.4,39.0,2018-02-05,GF2_PMS1_E118.4_N39.0_20180205_L1A0002983294-MSS1.xml,centertime,2018-02-05 11:32:37,2018-02-05 11:32:37,2018-02-05 11:32:37,corner_average_longitude,118.39925,corner_average_latitude,39.014325,xml_corner_average,ok,
E:\进行时\美丽海湾\数据样本\GF2原始数据\GF2_PMS1_E118.4_N39.0_20220725_L1A0006622191.tar.gz,118.4,39.0,2022-07-25,GF2_PMS1_E118.4_N39.0_20220725_L1A0006622191-MSS1.xml,centertime,2022-07-25 10:33:17,2022-07-25 10:33:17,2022-07-25 10:33:16.500000,corner_average_longitude,118.36075,corner_average_latitude,39.01205,xml_corner_average,ok,
E:\进行时\美丽海湾\数据样本\GF2原始数据\GF2_PMS1_E118.4_N39.0_20240822_L1A14050169001.tar.gz,118.4,39.0,2024-08-22,GF2_PMS1_E118.4_N39.0_20240822_L1A14050169001-MSS1.xml,centertime,2024-08-22 09:31:04,2024-08-22 09:31:04,2024-08-22 09:31:04.500000,centerlongitude,118.371835,centerlatitude,39.016902,xml_center,ok,
E:\进行时\美丽海湾\数据样本\GF2原始数据\GF2_PMS1_E118.5_N39.0_20180415_L1A0003123716.tar.gz,118.5,39.0,2018-04-15,GF2_PMS1_E118.5_N39.0_20180415_L1A0003123716-MSS1.xml,centertime,2018-04-15 11:31:52,2018-04-15 11:31:52,2018-04-15 11:31:52,corner_average_longitude,118.4445,corner_average_latitude,39.014025,xml_corner_average,ok,
E:\进行时\美丽海湾\数据样本\GF2原始数据\GF2_PMS1_E118.5_N39.0_20180420_L1A0003133959.tar.gz,118.5,39.0,2018-04-20,GF2_PMS1_E118.5_N39.0_20180420_L1A0003133959-MSS1.xml,centertime,2018-04-20 11:33:09,2018-04-20 11:33:09,2018-04-20 11:33:09.500000,corner_average_longitude,118.4775,corner_average_latitude,39.014825,xml_corner_average,ok,
E:\进行时\美丽海湾\数据样本\GF2原始数据\GF2_PMS1_E118.5_N39.0_20240128_L1A13636087001.tar.gz,118.5,39.0,2024-01-28,GF2_PMS1_E118.5_N39.0_20240128_L1A13636087001-MSS1.xml,centertime,2024-01-28 09:42:18,2024-01-28 09:42:18,2024-01-28 09:42:17.500000,centerlongitude,118.442078,centerlatitude,39.016376,xml_center,ok,
E:\进行时\美丽海湾\数据样本\GF2原始数据\GF2_PMS1_E118.5_N39.0_20240406_L1A13767915001.tar.gz,118.5,39.0,2024-04-06,GF2_PMS1_E118.5_N39.0_20240406_L1A13767915001-MSS1.xml,centertime,2024-04-06 09:32:39,2024-04-06 09:32:39,2024-04-06 09:32:39.500000,centerlongitude,118.495013,centerlatitude,39.015636,xml_center,ok,
E:\进行时\美丽海湾\数据样本\GF2原始数据\GF2_PMS1_E118.5_N39.0_20250107_L1A14367458001.tar.gz,118.5,39.0,2025-01-07,GF2_PMS1_E118.5_N39.0_20250107_L1A14367458001-MSS1.xml,centertime,2025-01-07 09:43:22,2025-01-07 09:43:22,2025-01-07 09:43:21.500000,centerlongitude,118.457858,centerlatitude,39.017255,xml_center,ok,
E:\进行时\美丽海湾\数据样本\GF2原始数据\GF2_PMS1_E118.5_N39.0_20250317_L1A14514098001.tar.gz,118.5,39.0,2025-03-17,GF2_PMS1_E118.5_N39.0_20250317_L1A14514098001-MSS1.xml,centertime,2025-03-17 09:48:56,2025-03-17 09:48:56,2025-03-17 09:48:56.500000,centerlongitude,118.499167,centerlatitude,39.017087,xml_center,ok,
E:\进行时\美丽海湾\数据样本\GF2原始数据\GF2_PMS1_E118.5_N39.2_20151006_L1A0001085895.tar.gz,118.5,39.2,2015-10-06,GF2_PMS1_E118.5_N39.2_20151006_L1A0001085895-MSS1.xml,centertime,2015-10-06 11:08:32,2015-10-06 11:08:32,2015-10-06 11:08:31.500000,corner_average_longitude,118.50025,corner_average_latitude,39.188125,xml_corner_average,ok,
E:\进行时\美丽海湾\数据样本\GF2原始数据\GF2_PMS1_E118.5_N39.2_20151006_L1A0001360281.tar.gz,118.5,39.2,2015-10-06,GF2_PMS1_E118.5_N39.2_20151006_L1A0001360281-MSS1.xml,centertime,2015-10-06 11:08:32,2015-10-06 11:08:32,2015-10-06 11:08:31.500000,corner_average_longitude,118.50025,corner_average_latitude,39.188125,xml_corner_average,ok,
E:\进行时\美丽海湾\数据样本\GF2原始数据\GF2_PMS1_E118.5_N39.2_20210527_L1A0005668354.tar.gz,118.5,39.2,2021-05-27,GF2_PMS1_E118.5_N39.2_20210527_L1A0005668354-MSS1.xml,centertime,2021-05-27 10:55:53,2021-05-27 10:55:53,2021-05-27 10:55:52.500000,corner_average_longitude,118.487,corner_average_latitude,39.188175,xml_corner_average,ok,
E:\进行时\美丽海湾\数据样本\GF2原始数据\GF2_PMS1_E118.5_N39.2_20240128_L1A13636086001.tar.gz,118.5,39.2,2024-01-28,GF2_PMS1_E118.5_N39.2_20240128_L1A13636086001-MSS1.xml,centertime,2024-01-28 09:42:15,2024-01-28 09:42:15,2024-01-28 09:42:14.500000,centerlongitude,118.493566,centerlatitude,39.193903,xml_center,ok,
E:\进行时\美丽海湾\数据样本\GF2原始数据\GF2_PMS1_E118.5_N39.2_20250107_L1A14367457001.tar.gz,118.5,39.2,2025-01-07,GF2_PMS1_E118.5_N39.2_20250107_L1A14367457001-MSS1.xml,centertime,2025-01-07 09:43:19,2025-01-07 09:43:19,2025-01-07 09:43:18.500000,centerlongitude,118.511461,centerlatitude,39.194729,xml_center,ok,
E:\进行时\美丽海湾\数据样本\GF2原始数据\GF2_PMS1_E118.6_N39.0_20230705_L1A0007378390.tar.gz,118.6,39.0,2023-07-05,GF2_PMS1_E118.6_N39.0_20230705_L1A0007378390-MSS1.xml,centertime,2023-07-05 10:03:15,2023-07-05 10:03:15,2023-07-05 10:03:15,corner_average_longitude,118.54085549999999,corner_average_latitude,39.016600499999996,xml_corner_average,ok,
E:\进行时\美丽海湾\数据样本\GF2原始数据\GF2_PMS1_E118.6_N39.2_20161128_L1A0001994195.tar.gz,118.6,39.2,2016-11-28,GF2_PMS1_E118.6_N39.2_20161128_L1A0001994195-MSS1.xml,centertime,2016-11-28 11:20:48,2016-11-28 11:20:48,2016-11-28 11:20:48.500000,corner_average_longitude,118.62875,corner_average_latitude,39.189125000000004,xml_corner_average,ok,
E:\进行时\美丽海湾\数据样本\GF2原始数据\GF2_PMS1_E118.6_N39.2_20230705_L1A0007378420.tar.gz,118.6,39.2,2023-07-05,GF2_PMS1_E118.6_N39.2_20230705_L1A0007378420-MSS1.xml,centertime,2023-07-05 10:03:12,2023-07-05 10:03:12,2023-07-05 10:03:12,corner_average_longitude,118.5924405,corner_average_latitude,39.19405475,xml_corner_average,ok,
E:\进行时\美丽海湾\数据样本\GF2原始数据\GF2_PMS1_E118.6_N39.2_20240406_L1A13767914001.tar.gz,118.6,39.2,2024-04-06,GF2_PMS1_E118.6_N39.2_20240406_L1A13767914001-MSS1.xml,centertime,2024-04-06 09:32:37,2024-04-06 09:32:37,2024-04-06 09:32:36.500000,centerlongitude,118.545392,centerlatitude,39.193104,xml_center,ok,
E:\进行时\美丽海湾\数据样本\GF2原始数据\GF2_PMS1_E118.6_N39.2_20250317_L1A14514097001.tar.gz,118.6,39.2,2025-03-17,GF2_PMS1_E118.6_N39.2_20250317_L1A14514097001-MSS1.xml,centertime,2025-03-17 09:48:53,2025-03-17 09:48:53,2025-03-17 09:48:53.500000,centerlongitude,118.552671,centerlatitude,39.194591,xml_center,ok,
E:\进行时\美丽海湾\数据样本\GF2原始数据\GF2_PMS1_E118.7_N39.0_20240609_L1A13898959001.tar.gz,118.7,39.0,2024-06-09,GF2_PMS1_E118.7_N39.0_20240609_L1A13898959001-MSS1.xml,centertime,2024-06-09 09:25:57,2024-06-09 09:25:57,2024-06-09 09:25:57,centerlongitude,118.648471,centerlatitude,39.015596,xml_center,ok,
E:\进行时\美丽海湾\数据样本\GF2原始数据\GF2_PMS1_E118.7_N39.2_20161123_L1A0001983162.tar.gz,118.7,39.2,2016-11-23,GF2_PMS1_E118.7_N39.2_20161123_L1A0001983162-MSS1.xml,centertime,2016-11-23 11:19:25,2016-11-23 11:19:25,2016-11-23 11:19:25,corner_average_longitude,118.65225,corner_average_latitude,39.188900000000004,xml_corner_average,ok,
E:\进行时\美丽海湾\数据样本\GF2原始数据\GF2_PMS1_E118.7_N39.2_20240609_L1A13898958001.tar.gz,118.7,39.2,2024-06-09,GF2_PMS1_E118.7_N39.2_20240609_L1A13898958001-MSS1.xml,centertime,2024-06-09 09:25:54,2024-06-09 09:25:54,2024-06-09 09:25:54.500000,centerlongitude,118.699798,centerlatitude,39.193044,xml_center,ok,
E:\进行时\美丽海湾\数据样本\GF2原始数据\GF2_PMS1_E118.8_N39.0_20180702_L1A0003297126.tar.gz,118.8,39.0,2018-07-02,GF2_PMS1_E118.8_N39.0_20180702_L1A0003297126-MSS1.xml,centertime,2018-07-02 11:15:24,2018-07-02 11:15:24,2018-07-02 11:15:24.500000,corner_average_longitude,118.72725,corner_average_latitude,39.012,xml_corner_average,ok,
E:\进行时\美丽海湾\数据样本\GF2原始数据\GF2_PMS1_E118.8_N39.2_20241030_L1A14210285001.tar.gz,118.8,39.2,2024-10-30,GF2_PMS1_E118.8_N39.2_20241030_L1A14210285001-MSS1.xml,centertime,2024-10-30 09:36:08,2024-10-30 09:36:08,2024-10-30 09:36:08.500000,centerlongitude,118.776359,centerlatitude,39.194649,xml_center,ok,
E:\进行时\美丽海湾\数据样本\GF2原始数据\GF2_PMS1_E118.8_N39.2_20250312_L1A14503658001.tar.gz,118.8,39.2,2025-03-12,GF2_PMS1_E118.8_N39.2_20250312_L1A14503658001-MSS1.xml,centertime,2025-03-12 09:47:23,2025-03-12 09:47:23,2025-03-12 09:47:23.500000,centerlongitude,118.827638,centerlatitude,39.194639,xml_center,ok,
E:\进行时\美丽海湾\数据样本\GF2原始数据\GF2_PMS1_E118.9_N39.2_20150526_L1A0000827610.tar.gz,118.9,39.2,2015-05-26,GF2_PMS1_E118.9_N39.2_20150526_L1A0000827610-MSS1.xml,centertime,2015-05-26 11:04:42,2015-05-26 11:04:42,2015-05-26 11:04:42.500000,corner_average_longitude,118.892,corner_average_latitude,39.188475,xml_corner_average,ok,
E:\进行时\美丽海湾\数据样本\GF2原始数据\GF2_PMS1_E118.9_N39.2_20240123_L1A13624925001.tar.gz,118.9,39.2,2024-01-23,GF2_PMS1_E118.9_N39.2_20240123_L1A13624925001-MSS1.xml,centertime,2024-01-23 09:41:17,2024-01-23 09:41:17,2024-01-23 09:41:16.500000,centerlongitude,118.875709,centerlatitude,39.192458,xml_center,ok,
E:\进行时\美丽海湾\数据样本\GF2原始数据\GF2_PMS1_E118.9_N39.2_20250102_L1A14357942001.tar.gz,118.9,39.2,2025-01-02,GF2_PMS1_E118.9_N39.2_20250102_L1A14357942001-MSS1.xml,centertime,2025-01-02 09:41:12,2025-01-02 09:41:12,2025-01-02 09:41:12.500000,centerlongitude,118.929306,centerlatitude,39.194711,xml_center,ok,
E:\进行时\美丽海湾\数据样本\GF2原始数据\GF2_PMS1_E119.0_N39.2_20231110_L1A13457883001.tar.gz,119.0,39.2,2023-11-10,GF2_PMS1_E119.0_N39.2_20231110_L1A13457883001-MSS1.xml,centertime,2023-11-10 09:48:54,2023-11-10 09:48:54,2023-11-10 09:48:54.500000,centerlongitude,118.964312,centerlatitude,39.193884,xml_center,ok,
E:\进行时\美丽海湾\数据样本\GF2原始数据\GF2_PMS1_E119.1_N39.2_20201101_L1A0005188986.tar.gz,119.1,39.2,2020-11-01,GF2_PMS1_E119.1_N39.2_20201101_L1A0005188986-MSS1.xml,centertime,2020-11-01 11:05:52,2020-11-01 11:05:52,2020-11-01 11:05:52.500000,corner_average_longitude,119.10525,corner_average_latitude,39.189525,xml_corner_average,ok,
E:\进行时\美丽海湾\数据样本\GF2原始数据\GF2_PMS1_E119.2_N39.4_20150921_L1A0001051843.tar.gz,119.2,39.4,2015-09-21,GF2_PMS1_E119.2_N39.4_20150921_L1A0001051843-MSS1.xml,centertime,2015-09-21 11:03:24,2015-09-21 11:03:24,2015-09-21 11:03:24,corner_average_longitude,119.16575,corner_average_latitude,39.36525,xml_corner_average,ok,
E:\进行时\美丽海湾\数据样本\GF2原始数据\GF2_PMS1_E119.2_N39.4_20201101_L1A0005188978.tar.gz,119.2,39.4,2020-11-01,GF2_PMS1_E119.2_N39.4_20201101_L1A0005188978-MSS1.xml,centertime,2020-11-01 11:05:49,2020-11-01 11:05:49,2020-11-01 11:05:49.500000,corner_average_longitude,119.1575,corner_average_latitude,39.367,xml_corner_average,ok,
E:\进行时\美丽海湾\数据样本\GF2原始数据\GF2_PMS1_E119.2_N39.4_20220403_L1A0006387067.tar.gz,119.2,39.4,2022-04-03,GF2_PMS1_E119.2_N39.4_20220403_L1A0006387067-MSS1.xml,centertime,2022-04-03 10:48:02,2022-04-03 10:48:02,2022-04-03 10:48:01.500000,corner_average_longitude,119.166,corner_average_latitude,39.372375000000005,xml_corner_average,ok,
E:\进行时\美丽海湾\数据样本\GF2原始数据\GF2_PMS1_E119.2_N39.4_20240604_L1A13888420001.tar.gz,119.2,39.4,2024-06-04,GF2_PMS1_E119.2_N39.4_20240604_L1A13888420001-MSS1.xml,centertime,2024-06-04 09:24:48,2024-06-04 09:24:48,2024-06-04 09:24:48.500000,centerlongitude,119.165429,centerlatitude,39.370449,xml_center,ok,
E:\进行时\美丽海湾\数据样本\GF2原始数据\GF2_PMS1_E119.2_N39.4_20250515_L1A14636698001.tar.gz,119.2,39.4,2025-05-15,GF2_PMS1_E119.2_N39.4_20250515_L1A14636698001-MSS1.xml,centertime,2025-05-15 09:51:03,2025-05-15 09:51:03,2025-05-15 09:51:03,centerlongitude,119.199222,centerlatitude,39.371584,xml_center,ok,
E:\进行时\美丽海湾\数据样本\GF2原始数据\GF2_PMS1_E119.2_N39.5_20150921_L1A0001051842.tar.gz,119.2,39.5,2015-09-21,GF2_PMS1_E119.2_N39.5_20150921_L1A0001051842-MSS1.xml,centertime,2015-09-21 11:03:21,2015-09-21 11:03:21,2015-09-21 11:03:21,corner_average_longitude,119.21674999999999,corner_average_latitude,39.542625,xml_corner_average,ok,
E:\进行时\美丽海湾\数据样本\GF2原始数据\GF2_PMS1_E119.2_N39.5_20201101_L1A0005188977.tar.gz,119.2,39.5,2020-11-01,GF2_PMS1_E119.2_N39.5_20201101_L1A0005188977-MSS1.xml,centertime,2020-11-01 11:05:46,2020-11-01 11:05:46,2020-11-01 11:05:46.500000,corner_average_longitude,119.21025,corner_average_latitude,39.544375,xml_corner_average,ok,
E:\进行时\美丽海湾\数据样本\GF2原始数据\GF2_PMS1_E119.2_N39.5_20240604_L1A13888419001.tar.gz,119.2,39.5,2024-06-04,GF2_PMS1_E119.2_N39.5_20240604_L1A13888419001-MSS1.xml,centertime,2024-06-04 09:24:46,2024-06-04 09:24:46,2024-06-04 09:24:45.500000,centerlongitude,119.217138,centerlatitude,39.547871,xml_center,ok,
E:\进行时\美丽海湾\数据样本\GF2原始数据\GF2_PMS1_E119.3_N39.4_20150202_L1A0000628981.tar.gz,119.3,39.4,2015-02-02,GF2_PMS1_E119.3_N39.4_20150202_L1A0000628981-MSS1.xml,centertime,2015-02-02 11:06:04,2015-02-02 11:06:04,2015-02-02 11:06:04,corner_average_longitude,119.25450000000001,corner_average_latitude,39.432825,xml_corner_average,ok,
E:\进行时\美丽海湾\数据样本\GF2原始数据\GF2_PMS1_E119.3_N39.4_20170608_L1A0002414895.tar.gz,119.3,39.4,2017-06-08,GF2_PMS1_E119.3_N39.4_20170608_L1A0002414895-MSS1.xml,centertime,2017-06-08 11:19:42,2017-06-08 11:19:42,2017-06-08 11:19:42,corner_average_longitude,119.318,corner_average_latitude,39.365475,xml_corner_average,ok,
E:\进行时\美丽海湾\数据样本\GF2原始数据\GF2_PMS1_E119.3_N39.4_20180224_L1A0003024315.tar.gz,119.3,39.4,2018-02-24,GF2_PMS1_E119.3_N39.4_20180224_L1A0003024315-MSS1.xml,centertime,2018-02-24 11:18:24,2018-02-24 11:18:24,2018-02-24 11:18:24,corner_average_longitude,119.27625,corner_average_latitude,39.36635,xml_corner_average,ok,
E:\进行时\美丽海湾\数据样本\GF2原始数据\GF2_PMS1_E119.3_N39.4_20200408_L1A0004725347.tar.gz,119.3,39.4,2020-04-08,GF2_PMS1_E119.3_N39.4_20200408_L1A0004725347-MSS1.xml,centertime,2020-04-08 11:12:23,2020-04-08 11:12:23,2020-04-08 11:12:23,corner_average_longitude,119.3045,corner_average_latitude,39.365975,xml_corner_average,ok,
E:\进行时\美丽海湾\数据样本\GF2原始数据\GF2_PMS1_E119.3_N39.4_20220507_L1A0006454496.tar.gz,119.3,39.4,2022-05-07,GF2_PMS1_E119.3_N39.4_20220507_L1A0006454496-MSS1.xml,centertime,2022-05-07 10:35:42,2022-05-07 10:35:42,2022-05-07 10:35:41.500000,corner_average_longitude,119.25575,corner_average_latitude,39.415875,xml_corner_average,ok,
E:\进行时\美丽海湾\数据样本\GF2原始数据\GF2_PMS1_E119.3_N39.5_20150202_L1A0000628980.tar.gz,119.3,39.5,2015-02-02,GF2_PMS1_E119.3_N39.5_20150202_L1A0000628980-MSS1.xml,centertime,2015-02-02 11:06:01,2015-02-02 11:06:01,2015-02-02 11:06:01,corner_average_longitude,119.3135,corner_average_latitude,39.610025,xml_corner_average,ok,
E:\进行时\美丽海湾\数据样本\GF2原始数据\GF2_PMS1_E119.3_N39.5_20151016_L1A0001104018.tar.gz,119.3,39.5,2015-10-16,GF2_PMS1_E119.3_N39.5_20151016_L1A0001104018-MSS1.xml,centertime,2015-10-16 11:11:39,2015-10-16 11:11:39,2015-10-16 11:11:39.500000,corner_average_longitude,119.23975,corner_average_latitude,39.544325,xml_corner_average,ok,
E:\进行时\美丽海湾\数据样本\GF2原始数据\GF2_PMS1_E119.3_N39.5_20180224_L1A0003024314.tar.gz,119.3,39.5,2018-02-24,GF2_PMS1_E119.3_N39.5_20180224_L1A0003024314-MSS1.xml,centertime,2018-02-24 11:18:21,2018-02-24 11:18:21,2018-02-24 11:18:21,corner_average_longitude,119.32575,corner_average_latitude,39.54375,xml_corner_average,ok,
E:\进行时\美丽海湾\数据样本\GF2原始数据\GF2_PMS1_E119.3_N39.5_20190419_L1A0003954274.tar.gz,119.3,39.5,2019-04-19,GF2_PMS1_E119.3_N39.5_20190419_L1A0003954274-MSS1.xml,centertime,2019-04-19 11:17:26,2019-04-19 11:17:26,2019-04-19 11:17:25.500000,corner_average_longitude,119.32475,corner_average_latitude,39.542975,xml_corner_average,ok,
E:\进行时\美丽海湾\数据样本\GF2原始数据\GF2_PMS1_E119.3_N39.5_20220507_L1A0006454495.tar.gz,119.3,39.5,2022-05-07,GF2_PMS1_E119.3_N39.5_20220507_L1A0006454495-MSS1.xml,centertime,2022-05-07 10:35:40,2022-05-07 10:35:40,2022-05-07 10:35:39.500000,corner_average_longitude,119.29374999999999,corner_average_latitude,39.544399999999996,xml_corner_average,ok,
E:\进行时\美丽海湾\数据样本\GF2原始数据\GF2_PMS1_E119.3_N39.5_20240118_L1A13610905001.tar.gz,119.3,39.5,2024-01-18,GF2_PMS1_E119.3_N39.5_20240118_L1A13610905001-MSS1.xml,centertime,2024-01-18 09:40:34,2024-01-18 09:40:34,2024-01-18 09:40:34.500000,centerlongitude,119.267933,centerlatitude,39.547353,xml_center,ok,
E:\进行时\美丽海湾\数据样本\GF2原始数据\GF2_PMS1_E119.3_N39.5_20250515_L1A14636697001.tar.gz,119.3,39.5,2025-05-15,GF2_PMS1_E119.3_N39.5_20250515_L1A14636697001-MSS1.xml,centertime,2025-05-15 09:51:00,2025-05-15 09:51:00,2025-05-15 09:51:00,centerlongitude,119.253059,centerlatitude,39.549011,xml_center,ok,
E:\进行时\美丽海湾\数据样本\GF2原始数据\GF2_PMS1_E119.3_N39.7_20150921_L1A0001051841.tar.gz,119.3,39.7,2015-09-21,GF2_PMS1_E119.3_N39.7_20150921_L1A0001051841-MSS1.xml,centertime,2015-09-21 11:03:18,2015-09-21 11:03:18,2015-09-21 11:03:18,corner_average_longitude,119.26725,corner_average_latitude,39.720075,xml_corner_average,ok,
E:\进行时\美丽海湾\数据样本\GF2原始数据\GF2_PMS1_E119.3_N39.7_20151016_L1A0001104017.tar.gz,119.3,39.7,2015-10-16,GF2_PMS1_E119.3_N39.7_20151016_L1A0001104017-MSS1.xml,centertime,2015-10-16 11:11:36,2015-10-16 11:11:36,2015-10-16 11:11:36.500000,corner_average_longitude,119.29525000000001,corner_average_latitude,39.7217,xml_corner_average,ok,
E:\进行时\美丽海湾\数据样本\GF2原始数据\GF2_PMS1_E119.3_N39.7_20201101_L1A0005188976.tar.gz,119.3,39.7,2020-11-01,GF2_PMS1_E119.3_N39.7_20201101_L1A0005188976-MSS1.xml,centertime,2020-11-01 11:05:44,2020-11-01 11:05:44,2020-11-01 11:05:43.500000,corner_average_longitude,119.26275,corner_average_latitude,39.7218,xml_corner_average,ok,
E:\进行时\美丽海湾\数据样本\GF2原始数据\GF2_PMS1_E119.3_N39.7_20240604_L1A13888418001.tar.gz,119.3,39.7,2024-06-04,GF2_PMS1_E119.3_N39.7_20240604_L1A13888418001-MSS1.xml,centertime,2024-06-04 09:24:43,2024-06-04 09:24:43,2024-06-04 09:24:42.500000,centerlongitude,119.2691,centerlatitude,39.725251,xml_center,ok,
E:\进行时\美丽海湾\数据样本\GF2原始数据\GF2_PMS1_E119.3_N39.7_20250515_L1A14636696001.tar.gz,119.3,39.7,2025-05-15,GF2_PMS1_E119.3_N39.7_20250515_L1A14636696001-MSS1.xml,centertime,2025-05-15 09:50:57,2025-05-15 09:50:57,2025-05-15 09:50:57.500000,centerlongitude,119.307188,centerlatitude,39.72639,xml_center,ok,
E:\进行时\美丽海湾\数据样本\GF2原始数据\GF2_PMS1_E119.4_N39.4_20180301_L1A0003034330.tar.gz,119.4,39.4,2018-03-01,GF2_PMS1_E119.4_N39.4_20180301_L1A0003034330-MSS1.xml,centertime,2018-03-01 11:19:46,2018-03-01 11:19:46,2018-03-01 11:19:45.500000,corner_average_longitude,119.33924999999999,corner_average_latitude,39.3664,xml_corner_average,ok,
E:\进行时\美丽海湾\数据样本\GF2原始数据\GF2_PMS1_E119.4_N39.5_20180301_L1A0003034329.tar.gz,119.4,39.5,2018-03-01,GF2_PMS1_E119.4_N39.5_20180301_L1A0003034329-MSS1.xml,centertime,2018-03-01 11:19:43,2018-03-01 11:19:43,2018-03-01 11:19:42.500000,corner_average_longitude,119.38974999999999,corner_average_latitude,39.543875,xml_corner_average,ok,
E:\进行时\美丽海湾\数据样本\GF2原始数据\GF2_PMS1_E119.4_N39.5_20200408_L1A0004725346.tar.gz,119.4,39.5,2020-04-08,GF2_PMS1_E119.4_N39.5_20200408_L1A0004725346-MSS1.xml,centertime,2020-04-08 11:12:20,2020-04-08 11:12:20,2020-04-08 11:12:20,corner_average_longitude,119.35725,corner_average_latitude,39.5433,xml_corner_average,ok,
E:\进行时\美丽海湾\数据样本\GF2原始数据\GF2_PMS1_E119.4_N39.7_20150202_L1A0000628979.tar.gz,119.4,39.7,2015-02-02,GF2_PMS1_E119.4_N39.7_20150202_L1A0000628979-MSS1.xml,centertime,2015-02-02 11:05:58,2015-02-02 11:05:58,2015-02-02 11:05:58,corner_average_longitude,119.37275,corner_average_latitude,39.7872,xml_corner_average,ok,
E:\进行时\美丽海湾\数据样本\GF2原始数据\GF2_PMS1_E119.4_N39.7_20170608_L1A0002414892.tar.gz,119.4,39.7,2017-06-08,GF2_PMS1_E119.4_N39.7_20170608_L1A0002414892-MSS1.xml,centertime,2017-06-08 11:19:36,2017-06-08 11:19:36,2017-06-08 11:19:36,corner_average_longitude,119.42125,corner_average_latitude,39.720275,xml_corner_average,ok,
E:\进行时\美丽海湾\数据样本\GF2原始数据\GF2_PMS1_E119.4_N39.7_20180224_L1A0003024311.tar.gz,119.4,39.7,2018-02-24,GF2_PMS1_E119.4_N39.7_20180224_L1A0003024311-MSS1.xml,centertime,2018-02-24 11:18:18,2018-02-24 11:18:18,2018-02-24 11:18:18.500000,corner_average_longitude,119.37525,corner_average_latitude,39.7211,xml_corner_average,ok,
E:\进行时\美丽海湾\数据样本\GF2原始数据\GF2_PMS1_E119.4_N39.7_20190419_L1A0003954247.tar.gz,119.4,39.7,2019-04-19,GF2_PMS1_E119.4_N39.7_20190419_L1A0003954247-MSS1.xml,centertime,2019-04-19 11:17:23,2019-04-19 11:17:23,2019-04-19 11:17:22.500000,corner_average_longitude,119.37575,corner_average_latitude,39.7204,xml_corner_average,ok,
E:\进行时\美丽海湾\数据样本\GF2原始数据\GF2_PMS1_E119.4_N39.7_20190914_L1A0004244491.tar.gz,119.4,39.7,2019-09-14,GF2_PMS1_E119.4_N39.7_20190914_L1A0004244491-MSS1.xml,centertime,2019-09-14 11:17:36,2019-09-14 11:17:36,2019-09-14 11:17:35.500000,corner_average_longitude,119.42875000000001,corner_average_latitude,39.721775,xml_corner_average,ok,
E:\进行时\美丽海湾\数据样本\GF2原始数据\GF2_PMS1_E119.4_N39.7_20200408_L1A0004973906.tar.gz,119.4,39.7,2020-04-08,GF2_PMS1_E119.4_N39.7_20200408_L1A0004973906-MSS1.xml,centertime,2020-04-08 11:12:17,2020-04-08 11:12:17,2020-04-08 11:12:17,corner_average_longitude,119.419,corner_average_latitude,39.7216,xml_corner_average,ok,
E:\进行时\美丽海湾\数据样本\GF2原始数据\GF2_PMS1_E119.4_N39.7_20220507_L1A0006454493.tar.gz,119.4,39.7,2022-05-07,GF2_PMS1_E119.4_N39.7_20220507_L1A0006454493-MSS1.xml,centertime,2022-05-07 10:35:37,2022-05-07 10:35:37,2022-05-07 10:35:36.500000,corner_average_longitude,119.34625,corner_average_latitude,39.721775,xml_corner_average,ok,
E:\进行时\美丽海湾\数据样本\GF2原始数据\GF2_PMS1_E119.4_N39.9_20180224_L1A0003024306.tar.gz,119.4,39.9,2018-02-24,GF2_PMS1_E119.4_N39.9_20180224_L1A0003024306-MSS1.xml,centertime,2018-02-24 11:18:15,2018-02-24 11:18:15,2018-02-24 11:18:15.500000,corner_average_longitude,119.42525,corner_average_latitude,39.898425,xml_corner_average,ok,
E:\进行时\美丽海湾\数据样本\GF2原始数据\GF2_PMS1_E119.4_N39.9_20190419_L1A0003954246.tar.gz,119.4,39.9,2019-04-19,GF2_PMS1_E119.4_N39.9_20190419_L1A0003954246-PAN1.xml,centertime,2019-04-19 11:17:20,2019-04-19 11:17:20,2019-04-19 11:17:20,corner_average_longitude,119.42775,corner_average_latitude,39.9007,xml_corner_average,ok,
E:\进行时\美丽海湾\数据样本\GF2原始数据\GF2_PMS1_E119.4_N39.9_20190419_L1A0004971438.tar.gz,119.4,39.9,2019-04-19,GF2_PMS1_E119.4_N39.9_20190419_L1A0004971438-PAN1.xml,centertime,2019-04-19 11:17:20,2019-04-19 11:17:20,2019-04-19 11:17:20,corner_average_longitude,119.42775,corner_average_latitude,39.900675,xml_corner_average,ok,
E:\进行时\美丽海湾\数据样本\GF2原始数据\GF2_PMS1_E119.5_N39.7_20180301_L1A0003034328.tar.gz,119.5,39.7,2018-03-01,GF2_PMS1_E119.5_N39.7_20180301_L1A0003034328-MSS1.xml,centertime,2018-03-01 11:19:40,2018-03-01 11:19:40,2018-03-01 11:19:39.500000,corner_average_longitude,119.44075000000001,corner_average_latitude,39.7212,xml_corner_average,ok,
E:\进行时\美丽海湾\数据样本\GF2原始数据\GF2_PMS1_E119.5_N39.7_20211220_L1A0006153359.tar.gz,119.5,39.7,2021-12-20,GF2_PMS1_E119.5_N39.7_20211220_L1A0006153359-MSS1.xml,centertime,2021-12-20 10:44:09,2021-12-20 10:44:09,2021-12-20 10:44:09.500000,corner_average_longitude,119.48124999999999,corner_average_latitude,39.721725,xml_corner_average,ok,
E:\进行时\美丽海湾\数据样本\GF2原始数据\GF2_PMS1_E119.5_N39.9_20170613_L1A0002417791.tar.gz,119.5,39.9,2017-06-13,GF2_PMS1_E119.5_N39.9_20170613_L1A0002417791-MSS1.xml,centertime,2017-06-13 11:21:04,2017-06-13 11:21:04,2017-06-13 11:21:04.500000,corner_average_longitude,119.4845,corner_average_latitude,39.947175,xml_corner_average,ok,
E:\进行时\美丽海湾\数据样本\GF2原始数据\GF2_PMS1_E119.5_N39.9_20180301_L1A0003034331.tar.gz,119.5,39.9,2018-03-01,GF2_PMS1_E119.5_N39.9_20180301_L1A0003034331-MSS1.xml,centertime,2018-03-01 11:19:37,2018-03-01 11:19:37,2018-03-01 11:19:37,corner_average_longitude,119.49175,corner_average_latitude,39.898625,xml_corner_average,ok,
E:\进行时\美丽海湾\数据样本\GF2原始数据\GF2_PMS1_E119.5_N39.9_20190914_L1A0004244488.tar.gz,119.5,39.9,2019-09-14,GF2_PMS1_E119.5_N39.9_20190914_L1A0004244488-MSS1.xml,centertime,2019-09-14 11:17:33,2019-09-14 11:17:33,2019-09-14 11:17:32.500000,corner_average_longitude,119.48225,corner_average_latitude,39.899175,xml_corner_average,ok,
E:\进行时\美丽海湾\数据样本\GF2原始数据\GF2_PMS1_E119.5_N39.9_20200408_L1A0004973905.tar.gz,119.5,39.9,2020-04-08,GF2_PMS1_E119.5_N39.9_20200408_L1A0004973905-MSS1.xml,centertime,2020-04-08 11:12:14,2020-04-08 11:12:14,2020-04-08 11:12:14,corner_average_longitude,119.47225,corner_average_latitude,39.898975,xml_corner_average,ok,
E:\进行时\美丽海湾\数据样本\GF2原始数据\GF2_PMS1_E119.5_N39.9_20241025_L1A14199547001.tar.gz,119.5,39.9,2024-10-25,GF2_PMS1_E119.5_N39.9_20241025_L1A14199547001-MSS1.xml,centertime,2024-10-25 09:33:23,2024-10-25 09:33:23,2024-10-25 09:33:22.500000,centerlongitude,119.535471,centerlatitude,39.964981,xml_center,ok,
E:\进行时\美丽海湾\数据样本\GF2原始数据\GF2_PMS1_E119.5_N39.9_20241228_L1A14348132001.tar.gz,119.5,39.9,2024-12-28,GF2_PMS1_E119.5_N39.9_20241228_L1A14348132001-MSS1.xml,centertime,2024-12-28 09:39:16,2024-12-28 09:39:16,2024-12-28 09:39:16.500000,centerlongitude,119.474999,centerlatitude,39.90429,xml_center,ok,
E:\进行时\美丽海湾\数据样本\GF2原始数据\GF2_PMS1_E119.6_N39.9_20250718_L1A14773396001.tar.gz,119.6,39.9,2025-07-18,GF2_PMS1_E119.6_N39.9_20250718_L1A14773396001-MSS1.xml,centertime,2025-07-18 09:54:50,2025-07-18 09:54:50,2025-07-18 09:54:50.500000,centerlongitude,119.578976,centerlatitude,39.904085,xml_center,ok,
E:\进行时\美丽海湾\数据样本\GF2原始数据\GF2_PMS1_E119.7_N39.9_20160425_L1A0001542191.tar.gz,119.7,39.9,2016-04-25,GF2_PMS1_E119.7_N39.9_20160425_L1A0001542191-MSS1.xml,centertime,2016-04-25 11:13:19,2016-04-25 11:13:19,2016-04-25 11:13:19,corner_average_longitude,119.657,corner_average_latitude,39.899100000000004,xml_corner_average,ok,
E:\进行时\美丽海湾\数据样本\GF2原始数据\GF2_PMS1_E119.7_N39.9_20170131_L1A0002156884.tar.gz,119.7,39.9,2017-01-31,GF2_PMS1_E119.7_N39.9_20170131_L1A0002156884-MSS1.xml,centertime,2017-01-31 11:20:33,2017-01-31 11:20:33,2017-01-31 11:20:33.500000,corner_average_longitude,119.65025,corner_average_latitude,39.899525,xml_corner_average,ok,
E:\进行时\美丽海湾\数据样本\GF2原始数据\GF2_PMS1_E119.7_N39.9_20241020_L1A14189469001.tar.gz,119.7,39.9,2024-10-20,GF2_PMS1_E119.7_N39.9_20241020_L1A14189469001-MSS1.xml,centertime,2024-10-20 09:32:04,2024-10-20 09:32:04,2024-10-20 09:32:03.500000,centerlongitude,119.735187,centerlatitude,39.904129,xml_center,ok,
E:\进行时\美丽海湾\数据样本\GF2原始数据\GF2_PMS1_E119.8_N40.1_20241223_L1A14336446001.tar.gz,119.8,40.1,2024-12-23,GF2_PMS1_E119.8_N40.1_20241223_L1A14336446001-MSS1.xml,centertime,2024-12-23 09:37:40,2024-12-23 09:37:40,2024-12-23 09:37:40.500000,centerlongitude,119.806026,centerlatitude,40.081656,xml_center,ok,
E:\进行时\美丽海湾\数据样本\GF2原始数据\GF2_PMS1_E119.9_N40.1_20250510_L1A14625215001.tar.gz,119.9,40.1,2025-05-10,GF2_PMS1_E119.9_N40.1_20250510_L1A14625215001-MSS1.xml,centertime,2025-05-10 09:48:41,2025-05-10 09:48:41,2025-05-10 09:48:41.500000,centerlongitude,119.864593,centerlatitude,40.081062,xml_center,ok,
E:\进行时\美丽海湾\数据样本\GF2原始数据\GF2_PMS2_E117.4_N38.6_20250411_L1A14566239001.tar.gz,117.4,38.6,2025-04-11,GF2_PMS2_E117.4_N38.6_20250411_L1A14566239001-MSS2.xml,centertime,2025-04-11 09:58:07,2025-04-11 09:58:07,2025-04-11 09:58:06.500000,centerlongitude,117.446925,centerlatitude,38.614903,xml_center,ok,
E:\进行时\美丽海湾\数据样本\GF2原始数据\GF2_PMS2_E117.5_N38.4_20150605_L1A0000848497.tar.gz,117.5,38.4,2015-06-05,GF2_PMS2_E117.5_N38.4_20150605_L1A0000848497-MSS2.xml,centertime,2015-06-05 11:07:50,2015-06-05 11:07:50,2015-06-05 11:07:50.500000,corner_average_longitude,117.5115,corner_average_latitude,38.432875,xml_corner_average,ok,
E:\进行时\美丽海湾\数据样本\GF2原始数据\GF2_PMS2_E117.5_N38.4_20171208_L1A0002830737.tar.gz,117.5,38.4,2017-12-08,GF2_PMS2_E117.5_N38.4_20171208_L1A0002830737-MSS2.xml,centertime,2017-12-08 11:35:27,2017-12-08 11:35:27,2017-12-08 11:35:27,corner_average_longitude,117.52525,corner_average_latitude,38.4321,xml_corner_average,ok,
E:\进行时\美丽海湾\数据样本\GF2原始数据\GF2_PMS2_E117.5_N38.4_20180608_L1A0003247921.tar.gz,117.5,38.4,2018-06-08,GF2_PMS2_E117.5_N38.4_20180608_L1A0003247921-MSS2.xml,centertime,2018-06-08 11:28:04,2018-06-08 11:28:04,2018-06-08 11:28:04,corner_average_longitude,117.5325,corner_average_latitude,38.434349999999995,xml_corner_average,ok,
E:\进行时\美丽海湾\数据样本\GF2原始数据\GF2_PMS2_E117.5_N38.4_20231205_L1A13518548001.tar.gz,117.5,38.4,2023-12-05,GF2_PMS2_E117.5_N38.4_20231205_L1A13518548001-MSS2.xml,centertime,2023-12-05 09:52:36,2023-12-05 09:52:36,2023-12-05 09:52:36.500000,centerlongitude,117.543278,centerlatitude,38.443103,xml_center,ok,
E:\进行时\美丽海湾\数据样本\GF2原始数据\GF2_PMS2_E117.5_N38.4_20250401_L1A14545219001.tar.gz,117.5,38.4,2025-04-01,GF2_PMS2_E117.5_N38.4_20250401_L1A14545219001-MSS2.xml,centertime,2025-04-01 09:54:39,2025-04-01 09:54:39,2025-04-01 09:54:39,centerlongitude,117.495645,centerlatitude,38.438254,xml_center,ok,
E:\进行时\美丽海湾\数据样本\GF2原始数据\GF2_PMS2_E117.5_N38.4_20250604_L1A14678880001.tar.gz,117.5,38.4,2025-06-04,GF2_PMS2_E117.5_N38.4_20250604_L1A14678880001-MSS2.xml,centertime,2025-06-04 09:59:26,2025-06-04 09:59:26,2025-06-04 09:59:26.500000,centerlongitude,117.524877,centerlatitude,38.437917,xml_center,ok,
E:\进行时\美丽海湾\数据样本\GF2原始数据\GF2_PMS2_E117.5_N38.6_20181207_L1A0003661326.tar.gz,117.5,38.6,2018-12-07,GF2_PMS2_E117.5_N38.6_20181207_L1A0003661326-MSS2.xml,centertime,2018-12-07 11:21:54,2018-12-07 11:21:54,2018-12-07 11:21:54.500000,corner_average_longitude,117.51875,corner_average_latitude,38.613725,xml_corner_average,ok,
E:\进行时\美丽海湾\数据样本\GF2原始数据\GF2_PMS2_E117.5_N38.6_20190415_L1A0003939236.tar.gz,117.5,38.6,2019-04-15,GF2_PMS2_E117.5_N38.6_20190415_L1A0003939236-MSS2.xml,centertime,2019-04-15 11:35:55,2019-04-15 11:35:55,2019-04-15 11:35:55.500000,corner_average_longitude,117.52525,corner_average_latitude,38.6074,xml_corner_average,ok,
E:\进行时\美丽海湾\数据样本\GF2原始数据\GF2_PMS2_E117.5_N38.6_20191227_L1A0004504693.tar.gz,117.5,38.6,2019-12-27,GF2_PMS2_E117.5_N38.6_20191227_L1A0004504693-MSS2.xml,centertime,2019-12-27 11:25:38,2019-12-27 11:25:38,2019-12-27 11:25:37.500000,corner_average_longitude,117.481,corner_average_latitude,38.6106,xml_corner_average,ok,
E:\进行时\美丽海湾\数据样本\GF2原始数据\GF2_PMS2_E117.5_N38.6_20200918_L1A0005070251.tar.gz,117.5,38.6,2020-09-18,GF2_PMS2_E117.5_N38.6_20200918_L1A0005070251-MSS2.xml,centertime,2020-09-18 11:14:51,2020-09-18 11:14:51,2020-09-18 11:14:51.500000,corner_average_longitude,117.5365,corner_average_latitude,38.611975,xml_corner_average,ok,
E:\进行时\美丽海湾\数据样本\GF2原始数据\GF2_PMS2_E117.5_N38.6_20250401_L1A14545218001.tar.gz,117.5,38.6,2025-04-01,GF2_PMS2_E117.5_N38.6_20250401_L1A14545218001-MSS2.xml,centertime,2025-04-01 09:54:36,2025-04-01 09:54:36,2025-04-01 09:54:36,centerlongitude,117.549192,centerlatitude,38.615711,xml_center,ok,
E:\进行时\美丽海湾\数据样本\GF2原始数据\GF2_PMS2_E117.5_N38.8_20180215_L1A0003005226.tar.gz,117.5,38.8,2018-02-15,GF2_PMS2_E117.5_N38.8_20180215_L1A0003005226-MSS2.xml,centertime,2018-02-15 11:35:27,2018-02-15 11:35:27,2018-02-15 11:35:27,corner_average_longitude,117.48675,corner_average_latitude,38.787225,xml_corner_average,ok,
E:\进行时\美丽海湾\数据样本\GF2原始数据\GF2_PMS2_E117.5_N38.8_20180316_L1A0003064539.tar.gz,117.5,38.8,2018-03-16,GF2_PMS2_E117.5_N38.8_20180316_L1A0003064539-MSS2.xml,centertime,2018-03-16 11:24:02,2018-03-16 11:24:02,2018-03-16 11:24:01.500000,corner_average_longitude,117.46725,corner_average_latitude,38.790225,xml_corner_average,ok,
E:\进行时\美丽海湾\数据样本\GF2原始数据\GF2_PMS2_E117.5_N38.8_20190106_L1A0003736960.tar.gz,117.5,38.8,2019-01-06,GF2_PMS2_E117.5_N38.8_20190106_L1A0003736960-MSS2.xml,centertime,2019-01-06 11:29:49,2019-01-06 11:29:49,2019-01-06 11:29:49,corner_average_longitude,117.46375,corner_average_latitude,38.788775,xml_corner_average,ok,
E:\进行时\美丽海湾\数据样本\GF2原始数据\GF2_PMS2_E117.5_N38.8_20191227_L1A0004504695.tar.gz,117.5,38.8,2019-12-27,GF2_PMS2_E117.5_N38.8_20191227_L1A0004504695-MSS2.xml,centertime,2019-12-27 11:25:35,2019-12-27 11:25:35,2019-12-27 11:25:34.500000,corner_average_longitude,117.535,corner_average_latitude,38.788025,xml_corner_average,ok,
E:\进行时\美丽海湾\数据样本\GF2原始数据\GF2_PMS2_E117.5_N38.8_20250411_L1A14566238001.tar.gz,117.5,38.8,2025-04-11,GF2_PMS2_E117.5_N38.8_20250411_L1A14566238001-MSS2.xml,centertime,2025-04-11 09:58:04,2025-04-11 09:58:04,2025-04-11 09:58:04,centerlongitude,117.502134,centerlatitude,38.792338,xml_center,ok,
E:\进行时\美丽海湾\数据样本\GF2原始数据\GF2_PMS2_E117.6_N38.4_20160226_L1A0001435006.tar.gz,117.6,38.4,2016-02-26,GF2_PMS2_E117.6_N38.4_20160226_L1A0001435006-MSS2.xml,centertime,2016-02-26 11:14:19,2016-02-26 11:14:19,2016-02-26 11:14:19.500000,corner_average_longitude,117.564,corner_average_latitude,38.43545,xml_corner_average,ok,
E:\进行时\美丽海湾\数据样本\GF2原始数据\GF2_PMS2_E117.6_N38.4_20170811_L1A0002535971.tar.gz,117.6,38.4,2017-08-11,GF2_PMS2_E117.6_N38.4_20170811_L1A0002535971-MSS2.xml,centertime,2017-08-11 11:19:59,2017-08-11 11:19:59,2017-08-11 11:19:58.500000,corner_average_longitude,117.60525,corner_average_latitude,38.434625,xml_corner_average,ok,
E:\进行时\美丽海湾\数据样本\GF2原始数据\GF2_PMS2_E117.6_N38.4_20180312_L1A0003055062.tar.gz,117.6,38.4,2018-03-12,GF2_PMS2_E117.6_N38.4_20180312_L1A0003055062-MSS2.xml,centertime,2018-03-12 11:42:19,2018-03-12 11:42:19,2018-03-12 11:42:19,corner_average_longitude,117.563,corner_average_latitude,38.4272,xml_corner_average,ok,
E:\进行时\美丽海湾\数据样本\GF2原始数据\GF2_PMS2_E117.6_N38.4_20181004_L1A0003496249.tar.gz,117.6,38.4,2018-10-04,GF2_PMS2_E117.6_N38.4_20181004_L1A0003496249-MSS2.xml,centertime,2018-10-04 11:23:28,2018-10-04 11:23:28,2018-10-04 11:23:28.500000,corner_average_longitude,117.61625,corner_average_latitude,38.4356,xml_corner_average,ok,
E:\进行时\美丽海湾\数据样本\GF2原始数据\GF2_PMS2_E117.6_N38.4_20181004_L1A0003520356.tar.gz,117.6,38.4,2018-10-04,GF2_PMS2_E117.6_N38.4_20181004_L1A0003520356-MSS2.xml,centertime,2018-10-04 11:23:28,2018-10-04 11:23:28,2018-10-04 11:23:28.500000,corner_average_longitude,117.61625,corner_average_latitude,38.4356,xml_corner_average,ok,
E:\进行时\美丽海湾\数据样本\GF2原始数据\GF2_PMS2_E117.6_N38.4_20191009_L1A0004299110.tar.gz,117.6,38.4,2019-10-09,GF2_PMS2_E117.6_N38.4_20191009_L1A0004299110-MSS2.xml,centertime,2019-10-09 11:24:16,2019-10-09 11:24:16,2019-10-09 11:24:16,corner_average_longitude,117.59725,corner_average_latitude,38.434375,xml_corner_average,ok,
E:\进行时\美丽海湾\数据样本\GF2原始数据\GF2_PMS2_E117.6_N38.4_20240624_L1A13931685001.tar.gz,117.6,38.4,2024-06-24,GF2_PMS2_E117.6_N38.4_20240624_L1A13931685001-MSS2.xml,centertime,2024-06-24 09:28:41,2024-06-24 09:28:41,2024-06-24 09:28:40.500000,centerlongitude,117.644991,centerlatitude,38.438782,xml_center,ok,
E:\进行时\美丽海湾\数据样本\GF2原始数据\GF2_PMS2_E117.6_N38.4_20240906_L1A14087406001.tar.gz,117.6,38.4,2024-09-06,GF2_PMS2_E117.6_N38.4_20240906_L1A14087406001-MSS2.xml,centertime,2024-09-06 09:36:13,2024-09-06 09:36:13,2024-09-06 09:36:13.500000,centerlongitude,117.574362,centerlatitude,38.438184,xml_center,ok,
E:\进行时\美丽海湾\数据样本\GF2原始数据\GF2_PMS2_E117.6_N38.6_20150605_L1A0000848496.tar.gz,117.6,38.6,2015-06-05,GF2_PMS2_E117.6_N38.6_20150605_L1A0000848496-MSS2.xml,centertime,2015-06-05 11:07:47,2015-06-05 11:07:47,2015-06-05 11:07:47.500000,corner_average_longitude,117.5625,corner_average_latitude,38.610275,xml_corner_average,ok,
E:\进行时\美丽海湾\数据样本\GF2原始数据\GF2_PMS2_E117.6_N38.6_20160226_L1A0001435000.tar.gz,117.6,38.6,2016-02-26,GF2_PMS2_E117.6_N38.6_20160226_L1A0001435000-MSS2.xml,centertime,2016-02-26 11:14:16,2016-02-26 11:14:16,2016-02-26 11:14:16.500000,corner_average_longitude,117.61325,corner_average_latitude,38.61295,xml_corner_average,ok,
E:\进行时\美丽海湾\数据样本\GF2原始数据\GF2_PMS2_E117.6_N38.6_20171208_L1A0002830734.tar.gz,117.6,38.6,2017-12-08,GF2_PMS2_E117.6_N38.6_20171208_L1A0002830734-MSS2.xml,centertime,2017-12-08 11:35:24,2017-12-08 11:35:24,2017-12-08 11:35:24,corner_average_longitude,117.581,corner_average_latitude,38.609575,xml_corner_average,ok,
E:\进行时\美丽海湾\数据样本\GF2原始数据\GF2_PMS2_E117.6_N38.6_20180608_L1A0003247923.tar.gz,117.6,38.6,2018-06-08,GF2_PMS2_E117.6_N38.6_20180608_L1A0003247923-MSS2.xml,centertime,2018-06-08 11:28:01,2018-06-08 11:28:01,2018-06-08 11:28:01,corner_average_longitude,117.58324999999999,corner_average_latitude,38.6118,xml_corner_average,ok,
E:\进行时\美丽海湾\数据样本\GF2原始数据\GF2_PMS2_E117.6_N38.6_20190316_L1A0003886089.tar.gz,117.6,38.6,2019-03-16,GF2_PMS2_E117.6_N38.6_20190316_L1A0003886089-MSS2.xml,centertime,2019-03-16 11:28:22,2019-03-16 11:28:22,2019-03-16 11:28:21.500000,corner_average_longitude,117.55875,corner_average_latitude,38.611425,xml_corner_average,ok,
E:\进行时\美丽海湾\数据样本\GF2原始数据\GF2_PMS2_E117.6_N38.6_20231205_L1A13518547001.tar.gz,117.6,38.6,2023-12-05,GF2_PMS2_E117.6_N38.6_20231205_L1A13518547001-MSS2.xml,centertime,2023-12-05 09:52:33,2023-12-05 09:52:33,2023-12-05 09:52:33.500000,centerlongitude,117.590061,centerlatitude,38.620628,xml_center,ok,
E:\进行时\美丽海湾\数据样本\GF2原始数据\GF2_PMS2_E117.6_N38.6_20240906_L1A14087405001.tar.gz,117.6,38.6,2024-09-06,GF2_PMS2_E117.6_N38.6_20240906_L1A14087405001-MSS2.xml,centertime,2024-09-06 09:36:11,2024-09-06 09:36:11,2024-09-06 09:36:10.500000,centerlongitude,117.628009,centerlatitude,38.615669,xml_center,ok,
E:\进行时\美丽海湾\数据样本\GF2原始数据\GF2_PMS2_E117.6_N38.6_20250604_L1A14678879001.tar.gz,117.6,38.6,2025-06-04,GF2_PMS2_E117.6_N38.6_20250604_L1A14678879001-MSS2.xml,centertime,2025-06-04 09:59:23,2025-06-04 09:59:23,2025-06-04 09:59:23.500000,centerlongitude,117.578343,centerlatitude,38.615374,xml_center,ok,
E:\进行时\美丽海湾\数据样本\GF2原始数据\GF2_PMS2_E117.6_N38.8_20150605_L1A0000848495.tar.gz,117.6,38.8,2015-06-05,GF2_PMS2_E117.6_N38.8_20150605_L1A0000848495-MSS2.xml,centertime,2015-06-05 11:07:45,2015-06-05 11:07:45,2015-06-05 11:07:44.500000,corner_average_longitude,117.61449999999999,corner_average_latitude,38.787725,xml_corner_average,ok,
E:\进行时\美丽海湾\数据样本\GF2原始数据\GF2_PMS2_E117.6_N38.8_20171208_L1A0002830732.tar.gz,117.6,38.8,2017-12-08,GF2_PMS2_E117.6_N38.8_20171208_L1A0002830732-MSS2.xml,centertime,2017-12-08 11:35:21,2017-12-08 11:35:21,2017-12-08 11:35:21,corner_average_longitude,117.63675,corner_average_latitude,38.787,xml_corner_average,ok,
E:\进行时\美丽海湾\数据样本\GF2原始数据\GF2_PMS2_E117.6_N38.8_20180608_L1A0003247916.tar.gz,117.6,38.8,2018-06-08,GF2_PMS2_E117.6_N38.8_20180608_L1A0003247916-MSS2.xml,centertime,2018-06-08 11:27:58,2018-06-08 11:27:58,2018-06-08 11:27:58.500000,corner_average_longitude,117.6345,corner_average_latitude,38.789275,xml_corner_average,ok,
E:\进行时\美丽海湾\数据样本\GF2原始数据\GF2_PMS2_E117.6_N38.8_20181207_L1A0003661338.tar.gz,117.6,38.8,2018-12-07,GF2_PMS2_E117.6_N38.8_20181207_L1A0003661338-MSS2.xml,centertime,2018-12-07 11:21:51,2018-12-07 11:21:51,2018-12-07 11:21:51.500000,corner_average_longitude,117.56625,corner_average_latitude,38.791174999999996,xml_corner_average,ok,
E:\进行时\美丽海湾\数据样本\GF2原始数据\GF2_PMS2_E117.6_N38.8_20190316_L1A0003886096.tar.gz,117.6,38.8,2019-03-16,GF2_PMS2_E117.6_N38.8_20190316_L1A0003886096-MSS2.xml,centertime,2019-03-16 11:28:19,2019-03-16 11:28:19,2019-03-16 11:28:19,corner_average_longitude,117.61125,corner_average_latitude,38.788825,xml_corner_average,ok,
E:\进行时\美丽海湾\数据样本\GF2原始数据\GF2_PMS2_E117.6_N38.8_20200918_L1A0005070250.tar.gz,117.6,38.8,2020-09-18,GF2_PMS2_E117.6_N38.8_20200918_L1A0005070250-MSS2.xml,centertime,2020-09-18 11:14:48,2020-09-18 11:14:48,2020-09-18 11:14:48.500000,corner_average_longitude,117.5895,corner_average_latitude,38.789375,xml_corner_average,ok,
E:\进行时\美丽海湾\数据样本\GF2原始数据\GF2_PMS2_E117.6_N38.8_20250122_L1A14400693001.tar.gz,117.6,38.8,2025-01-22,GF2_PMS2_E117.6_N38.8_20250122_L1A14400693001-MSS2.xml,centertime,2025-01-22 09:49:01,2025-01-22 09:49:01,2025-01-22 09:49:01.500000,centerlongitude,117.571856,centerlatitude,38.793582,xml_center,ok,
E:\进行时\美丽海湾\数据样本\GF2原始数据\GF2_PMS2_E117.6_N38.8_20250401_L1A14545217001.tar.gz,117.6,38.8,2025-04-01,GF2_PMS2_E117.6_N38.8_20250401_L1A14545217001-MSS2.xml,centertime,2025-04-01 09:54:33,2025-04-01 09:54:33,2025-04-01 09:54:33.500000,centerlongitude,117.60294,centerlatitude,38.793113,xml_center,ok,
E:\进行时\美丽海湾\数据样本\GF2原始数据\GF2_PMS2_E117.6_N38.8_20250604_L1A14678878001.tar.gz,117.6,38.8,2025-06-04,GF2_PMS2_E117.6_N38.8_20250604_L1A14678878001-MSS2.xml,centertime,2025-06-04 09:59:20,2025-06-04 09:59:20,2025-06-04 09:59:20.500000,centerlongitude,117.632033,centerlatitude,38.792796,xml_center,ok,
E:\进行时\美丽海湾\数据样本\GF2原始数据\GF2_PMS2_E117.6_N39.0_20181207_L1A0003661318.tar.gz,117.6,39.0,2018-12-07,GF2_PMS2_E117.6_N39.0_20181207_L1A0003661318-MSS2.xml,centertime,2018-12-07 11:21:49,2018-12-07 11:21:49,2018-12-07 11:21:48.500000,corner_average_longitude,117.61449999999999,corner_average_latitude,38.96855,xml_corner_average,ok,
E:\进行时\美丽海湾\数据样本\GF2原始数据\GF2_PMS2_E117.6_N39.0_20200918_L1A0005070249.tar.gz,117.6,39.0,2020-09-18,GF2_PMS2_E117.6_N39.0_20200918_L1A0005070249-MSS2.xml,centertime,2020-09-18 11:14:45,2020-09-18 11:14:45,2020-09-18 11:14:45.500000,corner_average_longitude,117.64275,corner_average_latitude,38.96685,xml_corner_average,ok,
E:\进行时\美丽海湾\数据样本\GF2原始数据\GF2_PMS2_E117.6_N39.0_20250122_L1A14400692001.tar.gz,117.6,39.0,2025-01-22,GF2_PMS2_E117.6_N39.0_20250122_L1A14400692001-MSS2.xml,centertime,2025-01-22 09:48:59,2025-01-22 09:48:59,2025-01-22 09:48:58.500000,centerlongitude,117.625859,centerlatitude,38.971003,xml_center,ok,
E:\进行时\美丽海湾\数据样本\GF2原始数据\GF2_PMS2_E117.6_N39.1_20191227_L1A0004504690.tar.gz,117.6,39.1,2019-12-27,GF2_PMS2_E117.6_N39.1_20191227_L1A0004504690-MSS2.xml,centertime,2019-12-27 11:25:29,2019-12-27 11:25:29,2019-12-27 11:25:28.500000,corner_average_longitude,117.64425,corner_average_latitude,39.142775,xml_corner_average,ok,
E:\进行时\美丽海湾\数据样本\GF2原始数据\GF2_PMS2_E117.7_N38.3_20171227_L1A0002883476.tar.gz,117.7,38.3,2017-12-27,GF2_PMS2_E117.7_N38.3_20171227_L1A0002883476-MSS2.xml,centertime,2017-12-27 11:21:41,2017-12-27 11:21:41,2017-12-27 11:21:40.500000,corner_average_longitude,117.73775,corner_average_latitude,38.2583,xml_corner_average,ok,
E:\进行时\美丽海湾\数据样本\GF2原始数据\GF2_PMS2_E117.7_N38.3_20250117_L1A14390464001.tar.gz,117.7,38.3,2025-01-17,GF2_PMS2_E117.7_N38.3_20250117_L1A14390464001-MSS2.xml,centertime,2025-01-17 09:47:24,2025-01-17 09:47:24,2025-01-17 09:47:24.500000,centerlongitude,117.744028,centerlatitude,38.261241,xml_center,ok,
E:\进行时\美丽海湾\数据样本\GF2原始数据\GF2_PMS2_E117.7_N38.4_20160108_L1A0001319946.tar.gz,117.7,38.4,2016-01-08,GF2_PMS2_E117.7_N38.4_20160108_L1A0001319946-MSS2.xml,centertime,2016-01-08 11:18:44,2016-01-08 11:18:44,2016-01-08 11:18:44,corner_average_longitude,117.70775,corner_average_latitude,38.432125,xml_corner_average,ok,
E:\进行时\美丽海湾\数据样本\GF2原始数据\GF2_PMS2_E117.7_N38.4_20171108_L1A0002748791.tar.gz,117.7,38.4,2017-11-08,GF2_PMS2_E117.7_N38.4_20171108_L1A0002748791-MSS2.xml,centertime,2017-11-08 11:26:32,2017-11-08 11:26:32,2017-11-08 11:26:31.500000,corner_average_longitude,117.66025,corner_average_latitude,38.43495,xml_corner_average,ok,
E:\进行时\美丽海湾\数据样本\GF2原始数据\GF2_PMS2_E117.7_N38.4_20190101_L1A0003725465.tar.gz,117.7,38.4,2019-01-01,GF2_PMS2_E117.7_N38.4_20190101_L1A0003725465-MSS2.xml,centertime,2019-01-01 11:28:35,2019-01-01 11:28:35,2019-01-01 11:28:35.500000,corner_average_longitude,117.70325,corner_average_latitude,38.4339,xml_corner_average,ok,
E:\进行时\美丽海湾\数据样本\GF2原始数据\GF2_PMS2_E117.7_N38.4_20210408_L1A0005582769.tar.gz,117.7,38.4,2021-04-08,GF2_PMS2_E117.7_N38.4_20210408_L1A0005582769-MSS2.xml,centertime,2021-04-08 11:04:20,2021-04-08 11:04:20,2021-04-08 11:04:20,corner_average_longitude,117.659,corner_average_latitude,38.435050000000004,xml_corner_average,ok,
E:\进行时\美丽海湾\数据样本\GF2原始数据\GF2_PMS2_E117.7_N38.4_20210720_L1A0005763537.tar.gz,117.7,38.4,2021-07-20,GF2_PMS2_E117.7_N38.4_20210720_L1A0005763537-MSS2.xml,centertime,2021-07-20 10:49:37,2021-07-20 10:49:37,2021-07-20 10:49:37,corner_average_longitude,117.67975,corner_average_latitude,38.43535,xml_corner_average,ok,
E:\进行时\美丽海湾\数据样本\GF2原始数据\GF2_PMS2_E117.7_N38.4_20230507_L1A0007266769.tar.gz,117.7,38.4,2023-05-07,GF2_PMS2_E117.7_N38.4_20230507_L1A0007266769-MSS2.xml,centertime,2023-05-07 10:12:46,2023-05-07 10:12:46,2023-05-07 10:12:46.500000,corner_average_longitude,117.6898515,corner_average_latitude,38.4388145,xml_corner_average,ok,
E:\进行时\美丽海湾\数据样本\GF2原始数据\GF2_PMS2_E117.7_N38.4_20240207_L1A13665106001.tar.gz,117.7,38.4,2024-02-07,GF2_PMS2_E117.7_N38.4_20240207_L1A13665106001-MSS2.xml,centertime,2024-02-07 09:44:47,2024-02-07 09:44:47,2024-02-07 09:44:47,centerlongitude,117.676917,centerlatitude,38.438873,xml_center,ok,
E:\进行时\美丽海湾\数据样本\GF2原始数据\GF2_PMS2_E117.7_N38.6_20170811_L1A0002535968.tar.gz,117.7,38.6,2017-08-11,GF2_PMS2_E117.7_N38.6_20170811_L1A0002535968-MSS2.xml,centertime,2017-08-11 11:19:56,2017-08-11 11:19:56,2017-08-11 11:19:55.500000,corner_average_longitude,117.65174999999999,corner_average_latitude,38.612125,xml_corner_average,ok,
E:\进行时\美丽海湾\数据样本\GF2原始数据\GF2_PMS2_E117.7_N38.6_20171108_L1A0002748797.tar.gz,117.7,38.6,2017-11-08,GF2_PMS2_E117.7_N38.6_20171108_L1A0002748797-MSS2.xml,centertime,2017-11-08 11:26:29,2017-11-08 11:26:29,2017-11-08 11:26:28.500000,corner_average_longitude,117.71075,corner_average_latitude,38.6124,xml_corner_average,ok,
E:\进行时\美丽海湾\数据样本\GF2原始数据\GF2_PMS2_E117.7_N38.6_20181004_L1A0003496248.tar.gz,117.7,38.6,2018-10-04,GF2_PMS2_E117.7_N38.6_20181004_L1A0003496248-MSS2.xml,centertime,2018-10-04 11:23:25,2018-10-04 11:23:25,2018-10-04 11:23:25.500000,corner_average_longitude,117.66475,corner_average_latitude,38.613025,xml_corner_average,ok,
E:\进行时\美丽海湾\数据样本\GF2原始数据\GF2_PMS2_E117.7_N38.6_20181004_L1A0003510285.tar.gz,117.7,38.6,2018-10-04,GF2_PMS2_E117.7_N38.6_20181004_L1A0003510285-MSS2.xml,centertime,2018-10-04 11:23:25,2018-10-04 11:23:25,2018-10-04 11:23:25.500000,corner_average_longitude,117.66475,corner_average_latitude,38.613025,xml_corner_average,ok,
E:\进行时\美丽海湾\数据样本\GF2原始数据\GF2_PMS2_E117.7_N38.6_20181004_L1A0003520349.tar.gz,117.7,38.6,2018-10-04,GF2_PMS2_E117.7_N38.6_20181004_L1A0003520349-MSS2.xml,centertime,2018-10-04 11:23:25,2018-10-04 11:23:25,2018-10-04 11:23:25.500000,corner_average_longitude,117.66475,corner_average_latitude,38.613025,xml_corner_average,ok,
E:\进行时\美丽海湾\数据样本\GF2原始数据\GF2_PMS2_E117.7_N38.6_20191009_L1A0004299096.tar.gz,117.7,38.6,2019-10-09,GF2_PMS2_E117.7_N38.6_20191009_L1A0004299096-MSS2.xml,centertime,2019-10-09 11:24:13,2019-10-09 11:24:13,2019-10-09 11:24:13,corner_average_longitude,117.64975000000001,corner_average_latitude,38.611925,xml_corner_average,ok,
E:\进行时\美丽海湾\数据样本\GF2原始数据\GF2_PMS2_E117.7_N38.6_20210408_L1A0005582780.tar.gz,117.7,38.6,2021-04-08,GF2_PMS2_E117.7_N38.6_20210408_L1A0005582780-MSS2.xml,centertime,2021-04-08 11:04:17,2021-04-08 11:04:17,2021-04-08 11:04:17.500000,corner_average_longitude,117.71025,corner_average_latitude,38.612525,xml_corner_average,ok,
E:\进行时\美丽海湾\数据样本\GF2原始数据\GF2_PMS2_E117.7_N38.6_20240624_L1A13931684001.tar.gz,117.7,38.6,2024-06-24,GF2_PMS2_E117.7_N38.6_20240624_L1A13931684001-MSS2.xml,centertime,2024-06-24 09:28:38,2024-06-24 09:28:38,2024-06-24 09:28:38,centerlongitude,117.696347,centerlatitude,38.616248,xml_center,ok,
E:\进行时\美丽海湾\数据样本\GF2原始数据\GF2_PMS2_E117.7_N38.8_20160226_L1A0001434999.tar.gz,117.7,38.8,2016-02-26,GF2_PMS2_E117.7_N38.8_20160226_L1A0001434999-MSS2.xml,centertime,2016-02-26 11:14:13,2016-02-26 11:14:13,2016-02-26 11:14:13.500000,corner_average_longitude,117.66275,corner_average_latitude,38.790375,xml_corner_average,ok,
E:\进行时\美丽海湾\数据样本\GF2原始数据\GF2_PMS2_E117.7_N38.8_20170811_L1A0002535966.tar.gz,117.7,38.8,2017-08-11,GF2_PMS2_E117.7_N38.8_20170811_L1A0002535966-MSS2.xml,centertime,2017-08-11 11:19:53,2017-08-11 11:19:53,2017-08-11 11:19:53,corner_average_longitude,117.69825,corner_average_latitude,38.78955,xml_corner_average,ok,
E:\进行时\美丽海湾\数据样本\GF2原始数据\GF2_PMS2_E117.7_N38.8_20181004_L1A0003496247.tar.gz,117.7,38.8,2018-10-04,GF2_PMS2_E117.7_N38.8_20181004_L1A0003496247-MSS2.xml,centertime,2018-10-04 11:23:23,2018-10-04 11:23:23,2018-10-04 11:23:22.500000,corner_average_longitude,117.7135,corner_average_latitude,38.7905,xml_corner_average,ok,
E:\进行时\美丽海湾\数据样本\GF2原始数据\GF2_PMS2_E117.7_N38.8_20181004_L1A0003512572.tar.gz,117.7,38.8,2018-10-04,GF2_PMS2_E117.7_N38.8_20181004_L1A0003512572-MSS2.xml,centertime,2018-10-04 11:23:23,2018-10-04 11:23:23,2018-10-04 11:23:22.500000,corner_average_longitude,117.7135,corner_average_latitude,38.7905,xml_corner_average,ok,
E:\进行时\美丽海湾\数据样本\GF2原始数据\GF2_PMS2_E117.7_N38.8_20191009_L1A0004299099.tar.gz,117.7,38.8,2019-10-09,GF2_PMS2_E117.7_N38.8_20191009_L1A0004299099-MSS2.xml,centertime,2019-10-09 11:24:10,2019-10-09 11:24:10,2019-10-09 11:24:10,corner_average_longitude,117.7025,corner_average_latitude,38.789325,xml_corner_average,ok,
E:\进行时\美丽海湾\数据样本\GF2原始数据\GF2_PMS2_E117.7_N38.8_20240906_L1A14087404001.tar.gz,117.7,38.8,2024-09-06,GF2_PMS2_E117.7_N38.8_20240906_L1A14087404001-MSS2.xml,centertime,2024-09-06 09:36:08,2024-09-06 09:36:08,2024-09-06 09:36:07.500000,centerlongitude,117.681859,centerlatitude,38.793092,xml_center,ok,
E:\进行时\美丽海湾\数据样本\GF2原始数据\GF2_PMS2_E117.7_N38.9_20191009_L1A0004299094.tar.gz,117.7,38.9,2019-10-09,GF2_PMS2_E117.7_N38.9_20191009_L1A0004299094-MSS2.xml,centertime,2019-10-09 11:24:08,2019-10-09 11:24:08,2019-10-09 11:24:08.500000,corner_average_longitude,117.73175,corner_average_latitude,38.887975,xml_corner_average,ok,
E:\进行时\美丽海湾\数据样本\GF2原始数据\GF2_PMS2_E117.7_N38.9_20250604_L1A14678877001.tar.gz,117.7,38.9,2025-06-04,GF2_PMS2_E117.7_N38.9_20250604_L1A14678877001-MSS2.xml,centertime,2025-06-04 09:59:18,2025-06-04 09:59:18,2025-06-04 09:59:18.500000,centerlongitude,117.665794,centerlatitude,38.903967,xml_center,ok,
E:\进行时\美丽海湾\数据样本\GF2原始数据\GF2_PMS2_E117.7_N39.0_20150605_L1A0000848494.tar.gz,117.7,39.0,2015-06-05,GF2_PMS2_E117.7_N39.0_20150605_L1A0000848494-MSS2.xml,centertime,2015-06-05 11:07:42,2015-06-05 11:07:42,2015-06-05 11:07:41.500000,corner_average_longitude,117.66624999999999,corner_average_latitude,38.96515,xml_corner_average,ok,
E:\进行时\美丽海湾\数据样本\GF2原始数据\GF2_PMS2_E117.7_N39.0_20150605_L1A0001042285.tar.gz,117.7,39.0,2015-06-05,GF2_PMS2_E117.7_N39.0_20150605_L1A0001042285-MSS2.xml,centertime,2015-06-05 11:07:42,2015-06-05 11:07:42,2015-06-05 11:07:41.500000,corner_average_longitude,117.66624999999999,corner_average_latitude,38.96515,xml_corner_average,ok,
E:\进行时\美丽海湾\数据样本\GF2原始数据\GF2_PMS2_E117.7_N39.0_20160226_L1A0001435005.tar.gz,117.7,39.0,2016-02-26,GF2_PMS2_E117.7_N39.0_20160226_L1A0001435005-MSS2.xml,centertime,2016-02-26 11:14:11,2016-02-26 11:14:11,2016-02-26 11:14:10.500000,corner_average_longitude,117.71275,corner_average_latitude,38.967775,xml_corner_average,ok,
E:\进行时\美丽海湾\数据样本\GF2原始数据\GF2_PMS2_E117.7_N39.0_20171208_L1A0002830735.tar.gz,117.7,39.0,2017-12-08,GF2_PMS2_E117.7_N39.0_20171208_L1A0002830735-MSS2.xml,centertime,2017-12-08 11:35:18,2017-12-08 11:35:18,2017-12-08 11:35:18,corner_average_longitude,117.6935,corner_average_latitude,38.964375000000004,xml_corner_average,ok,
E:\进行时\美丽海湾\数据样本\GF2原始数据\GF2_PMS2_E117.7_N39.0_20180608_L1A0003247927.tar.gz,117.7,39.0,2018-06-08,GF2_PMS2_E117.7_N39.0_20180608_L1A0003247927-MSS2.xml,centertime,2018-06-08 11:27:55,2018-06-08 11:27:55,2018-06-08 11:27:55.500000,corner_average_longitude,117.68575,corner_average_latitude,38.966675,xml_corner_average,ok,
E:\进行时\美丽海湾\数据样本\GF2原始数据\GF2_PMS2_E117.7_N39.0_20190316_L1A0003886088.tar.gz,117.7,39.0,2019-03-16,GF2_PMS2_E117.7_N39.0_20190316_L1A0003886088-MSS2.xml,centertime,2019-03-16 11:28:16,2019-03-16 11:28:16,2019-03-16 11:28:16,corner_average_longitude,117.664,corner_average_latitude,38.966274999999996,xml_corner_average,ok,
E:\进行时\美丽海湾\数据样本\GF2原始数据\GF2_PMS2_E117.7_N39.0_20210104_L1A0005369149.tar.gz,117.7,39.0,2021-01-04,GF2_PMS2_E117.7_N39.0_20210104_L1A0005369149-MSS2.xml,centertime,2021-01-04 11:01:06,2021-01-04 11:01:06,2021-01-04 11:01:06.500000,corner_average_longitude,117.73125,corner_average_latitude,38.968825,xml_corner_average,ok,
E:\进行时\美丽海湾\数据样本\GF2原始数据\GF2_PMS2_E117.7_N39.0_20231205_L1A13518545001 (1).tar.gz,117.7,39.0,2023-12-05,GF2_PMS2_E117.7_N39.0_20231205_L1A13518545001-MSS2.xml,centertime,2023-12-05 09:52:28,2023-12-05 09:52:28,2023-12-05 09:52:27.500000,centerlongitude,117.683963,centerlatitude,38.975591,xml_center,ok,
E:\进行时\美丽海湾\数据样本\GF2原始数据\GF2_PMS2_E117.7_N39.0_20231205_L1A13518545001.tar.gz,117.7,39.0,2023-12-05,GF2_PMS2_E117.7_N39.0_20231205_L1A13518545001-MSS2.xml,centertime,2023-12-05 09:52:28,2023-12-05 09:52:28,2023-12-05 09:52:27.500000,centerlongitude,117.683963,centerlatitude,38.975591,xml_center,ok,
E:\进行时\美丽海湾\数据样本\GF2原始数据\GF2_PMS2_E117.7_N39.0_20240906_L1A14087403001.tar.gz,117.7,39.0,2024-09-06,GF2_PMS2_E117.7_N39.0_20240906_L1A14087403001-MSS2.xml,centertime,2024-09-06 09:36:05,2024-09-06 09:36:05,2024-09-06 09:36:04.500000,centerlongitude,117.735931,centerlatitude,38.970508,xml_center,ok,
E:\进行时\美丽海湾\数据样本\GF2原始数据\GF2_PMS2_E117.7_N39.0_20250401_L1A14545216001.tar.gz,117.7,39.0,2025-04-01,GF2_PMS2_E117.7_N39.0_20250401_L1A14545216001-MSS2.xml,centertime,2025-04-01 09:54:30,2025-04-01 09:54:30,2025-04-01 09:54:30.500000,centerlongitude,117.656828,centerlatitude,38.970557,xml_center,ok,
E:\进行时\美丽海湾\数据样本\GF2原始数据\GF2_PMS2_E117.7_N39.1_20150605_L1A0000848493.tar.gz,117.7,39.1,2015-06-05,GF2_PMS2_E117.7_N39.1_20150605_L1A0000848493-MSS2.xml,centertime,2015-06-05 11:07:39,2015-06-05 11:07:39,2015-06-05 11:07:38.500000,corner_average_longitude,117.7185,corner_average_latitude,39.142525,xml_corner_average,ok,
E:\进行时\美丽海湾\数据样本\GF2原始数据\GF2_PMS2_E117.7_N39.1_20150605_L1A0000909102.tar.gz,117.7,39.1,2015-06-05,GF2_PMS2_E117.7_N39.1_20150605_L1A0000909102-MSS2.xml,centertime,2015-06-05 11:07:40,2015-06-05 11:07:40,2015-06-05 11:07:40,corner_average_longitude,117.69425,corner_average_latitude,39.060275000000004,xml_corner_average,ok,
E:\进行时\美丽海湾\数据样本\GF2原始数据\GF2_PMS2_E117.7_N39.1_20171208_L1A0002830733.tar.gz,117.7,39.1,2017-12-08,GF2_PMS2_E117.7_N39.1_20171208_L1A0002830733-MSS2.xml,centertime,2017-12-08 11:35:15,2017-12-08 11:35:15,2017-12-08 11:35:15,corner_average_longitude,117.74975,corner_average_latitude,39.141774999999996,xml_corner_average,ok,
E:\进行时\美丽海湾\数据样本\GF2原始数据\GF2_PMS2_E117.7_N39.1_20171208_L1A0002878446.tar.gz,117.7,39.1,2017-12-08,GF2_PMS2_E117.7_N39.1_20171208_L1A0002878446-MSS2.xml,centertime,2017-12-08 11:35:15,2017-12-08 11:35:15,2017-12-08 11:35:15,corner_average_longitude,117.74975,corner_average_latitude,39.141774999999996,xml_corner_average,ok,
E:\进行时\美丽海湾\数据样本\GF2原始数据\GF2_PMS2_E117.7_N39.1_20171208_L1A0002878447.tar.gz,117.7,39.1,2017-12-08,GF2_PMS2_E117.7_N39.1_20171208_L1A0002878447-MSS2.xml,centertime,2017-12-08 11:35:18,2017-12-08 11:35:18,2017-12-08 11:35:18.500000,corner_average_longitude,117.69,corner_average_latitude,38.95445,xml_corner_average,ok,
E:\进行时\美丽海湾\数据样本\GF2原始数据\GF2_PMS2_E117.7_N39.1_20171208_L1A0002879950.tar.gz,117.7,39.1,2017-12-08,GF2_PMS2_E117.7_N39.1_20171208_L1A0002879950-MSS2.xml,centertime,2017-12-08 11:35:18,2017-12-08 11:35:18,2017-12-08 11:35:17.500000,corner_average_longitude,117.69975,corner_average_latitude,38.98565,xml_corner_average,ok,
E:\进行时\美丽海湾\数据样本\GF2原始数据\GF2_PMS2_E117.7_N39.1_20180608_L1A0003247926.tar.gz,117.7,39.1,2018-06-08,GF2_PMS2_E117.7_N39.1_20180608_L1A0003247926-MSS2.xml,centertime,2018-06-08 11:27:52,2018-06-08 11:27:52,2018-06-08 11:27:52,corner_average_longitude,117.745,corner_average_latitude,39.170875,xml_corner_average,ok,
E:\进行时\美丽海湾\数据样本\GF2原始数据\GF2_PMS2_E117.7_N39.1_20181207_L1A0003661322.tar.gz,117.7,39.1,2018-12-07,GF2_PMS2_E117.7_N39.1_20181207_L1A0003661322-MSS2.xml,centertime,2018-12-07 11:21:46,2018-12-07 11:21:46,2018-12-07 11:21:45.500000,corner_average_longitude,117.6625,corner_average_latitude,39.146025,xml_corner_average,ok,
E:\进行时\美丽海湾\数据样本\GF2原始数据\GF2_PMS2_E117.7_N39.1_20190316_L1A0003886086.tar.gz,117.7,39.1,2019-03-16,GF2_PMS2_E117.7_N39.1_20190316_L1A0003886086-MSS2.xml,centertime,2019-03-16 11:28:13,2019-03-16 11:28:13,2019-03-16 11:28:13,corner_average_longitude,117.71725,corner_average_latitude,39.143675,xml_corner_average,ok,
E:\进行时\美丽海湾\数据样本\GF2原始数据\GF2_PMS2_E117.7_N39.1_20190415_L1A0003939225.tar.gz,117.7,39.1,2019-04-15,GF2_PMS2_E117.7_N39.1_20190415_L1A0003939225-MSS2.xml,centertime,2019-04-15 11:35:47,2019-04-15 11:35:47,2019-04-15 11:35:46.500000,corner_average_longitude,117.69975,corner_average_latitude,39.13965,xml_corner_average,ok,
E:\进行时\美丽海湾\数据样本\GF2原始数据\GF2_PMS2_E117.7_N39.1_20200918_L1A0005070248.tar.gz,117.7,39.1,2020-09-18,GF2_PMS2_E117.7_N39.1_20200918_L1A0005070248-MSS2.xml,centertime,2020-09-18 11:14:43,2020-09-18 11:14:43,2020-09-18 11:14:42.500000,corner_average_longitude,117.69575,corner_average_latitude,39.144175000000004,xml_corner_average,ok,
E:\进行时\美丽海湾\数据样本\GF2原始数据\GF2_PMS2_E117.7_N39.1_20210621_L1A0005712773.tar.gz,117.7,39.1,2021-06-21,GF2_PMS2_E117.7_N39.1_20210621_L1A0005712773-MSS2.xml,centertime,2021-06-21 11:01:55,2021-06-21 11:01:55,2021-06-21 11:01:55,corner_average_longitude,117.6875,corner_average_latitude,39.14365,xml_corner_average,ok,
E:\进行时\美丽海湾\数据样本\GF2原始数据\GF2_PMS2_E117.7_N39.1_20231205_L1A13518544001.tar.gz,117.7,39.1,2023-12-05,GF2_PMS2_E117.7_N39.1_20231205_L1A13518544001-MSS2.xml,centertime,2023-12-05 09:52:25,2023-12-05 09:52:25,2023-12-05 09:52:24.500000,centerlongitude,117.731161,centerlatitude,39.153016,xml_center,ok,
E:\进行时\美丽海湾\数据样本\GF2原始数据\GF2_PMS2_E117.7_N39.1_20250122_L1A14400691001.tar.gz,117.7,39.1,2025-01-22,GF2_PMS2_E117.7_N39.1_20250122_L1A14400691001-MSS2.xml,centertime,2025-01-22 09:48:56,2025-01-22 09:48:56,2025-01-22 09:48:55.500000,centerlongitude,117.680031,centerlatitude,39.148391,xml_center,ok,
E:\进行时\美丽海湾\数据样本\GF2原始数据\GF2_PMS2_E117.7_N39.1_20250401_L1A14545215001.tar.gz,117.7,39.1,2025-04-01,GF2_PMS2_E117.7_N39.1_20250401_L1A14545215001-MSS2.xml,centertime,2025-04-01 09:54:27,2025-04-01 09:54:27,2025-04-01 09:54:27.500000,centerlongitude,117.710933,centerlatitude,39.147939,xml_center,ok,
E:\进行时\美丽海湾\数据样本\GF2原始数据\GF2_PMS2_E117.7_N39.1_20250604_L1A14678522001.tar.gz,117.7,39.1,2025-06-04,GF2_PMS2_E117.7_N39.1_20250604_L1A14678522001-MSS2.xml,centertime,2025-06-04 09:59:15,2025-06-04 09:59:15,2025-06-04 09:59:15.500000,centerlongitude,117.740026,centerlatitude,39.147585,xml_center,ok,
E:\进行时\美丽海湾\数据样本\GF2原始数据\GF2_PMS2_E117.8_N38.3_20190311_L1A0003876359.tar.gz,117.8,38.3,2019-03-11,GF2_PMS2_E117.8_N38.3_20190311_L1A0003876359-MSS2.xml,centertime,2019-03-11 11:27:11,2019-03-11 11:27:11,2019-03-11 11:27:11.500000,corner_average_longitude,117.78975,corner_average_latitude,38.256425,xml_corner_average,ok,
E:\进行时\美丽海湾\数据样本\GF2原始数据\GF2_PMS2_E117.8_N38.3_20200219_L1A0004626369.tar.gz,117.8,38.3,2020-02-19,GF2_PMS2_E117.8_N38.3_20200219_L1A0004626369-MSS2.xml,centertime,2020-02-19 11:20:07,2020-02-19 11:20:07,2020-02-19 11:20:06.500000,corner_average_longitude,117.76325,corner_average_latitude,38.256725,xml_corner_average,ok,
E:\进行时\美丽海湾\数据样本\GF2原始数据\GF2_PMS2_E117.8_N38.3_20211101_L1A0006004355.tar.gz,117.8,38.3,2021-11-01,GF2_PMS2_E117.8_N38.3_20211101_L1A0006004355-MSS2.xml,centertime,2021-11-01 10:53:23,2021-11-01 10:53:23,2021-11-01 10:53:22.500000,corner_average_longitude,117.8325,corner_average_latitude,38.25725,xml_corner_average,ok,
E:\进行时\美丽海湾\数据样本\GF2原始数据\GF2_PMS2_E117.8_N38.4_20171005_L1A0002652172.tar.gz,117.8,38.4,2017-10-05,GF2_PMS2_E117.8_N38.4_20171005_L1A0002652172-MSS2.xml,centertime,2017-10-05 11:35:37,2017-10-05 11:35:37,2017-10-05 11:35:37.500000,corner_average_longitude,117.77475,corner_average_latitude,38.431375,xml_corner_average,ok,
E:\进行时\美丽海湾\数据样本\GF2原始数据\GF2_PMS2_E117.8_N38.4_20171227_L1A0002883475.tar.gz,117.8,38.4,2017-12-27,GF2_PMS2_E117.8_N38.4_20171227_L1A0002883475-MSS2.xml,centertime,2017-12-27 11:21:38,2017-12-27 11:21:38,2017-12-27 11:21:37.500000,corner_average_longitude,117.78475,corner_average_latitude,38.43575,xml_corner_average,ok,
E:\进行时\美丽海湾\数据样本\GF2原始数据\GF2_PMS2_E117.8_N38.4_20190311_L1A0003876368.tar.gz,117.8,38.4,2019-03-11,GF2_PMS2_E117.8_N38.4_20190311_L1A0003876368-MSS2.xml,centertime,2019-03-11 11:27:09,2019-03-11 11:27:09,2019-03-11 11:27:08.500000,corner_average_longitude,117.842,corner_average_latitude,38.433975000000004,xml_corner_average,ok,
E:\进行时\美丽海湾\数据样本\GF2原始数据\GF2_PMS2_E117.8_N38.6_20150426_L1A0000772704.tar.gz,117.8,38.6,2015-04-26,GF2_PMS2_E117.8_N38.6_20150426_L1A0000772704-MSS2.xml,centertime,2015-04-26 10:55:10,2015-04-26 10:55:10,2015-04-26 10:55:10,corner_average_longitude,117.70349999999999,corner_average_latitude,38.484,xml_corner_average,ok,
E:\进行时\美丽海湾\数据样本\GF2原始数据\GF2_PMS2_E117.8_N39.0_20170811_L1A0002535967.tar.gz,117.8,39.0,2017-08-11,GF2_PMS2_E117.8_N39.0_20170811_L1A0002535967-MSS2.xml,centertime,2017-08-11 11:19:50,2017-08-11 11:19:50,2017-08-11 11:19:50,corner_average_longitude,117.74525,corner_average_latitude,38.96695,xml_corner_average,ok,
E:\进行时\美丽海湾\数据样本\GF2原始数据\GF2_PMS2_E117.8_N39.0_20171108_L1A0002748777.tar.gz,117.8,39.0,2017-11-08,GF2_PMS2_E117.8_N39.0_20171108_L1A0002748777-MSS2.xml,centertime,2017-11-08 11:26:23,2017-11-08 11:26:23,2017-11-08 11:26:23,corner_average_longitude,117.8125,corner_average_latitude,38.96725,xml_corner_average,ok,
E:\进行时\美丽海湾\数据样本\GF2原始数据\GF2_PMS2_E117.8_N39.0_20181004_L1A0003520339.tar.gz,117.8,39.0,2018-10-04,GF2_PMS2_E117.8_N39.0_20181004_L1A0003520339-MSS2.xml,centertime,2018-10-04 11:23:20,2018-10-04 11:23:20,2018-10-04 11:23:19.500000,corner_average_longitude,117.76225,corner_average_latitude,38.967925,xml_corner_average,ok,
E:\进行时\美丽海湾\数据样本\GF2原始数据\GF2_PMS2_E117.8_N39.0_20191009_L1A0004299083.tar.gz,117.8,39.0,2019-10-09,GF2_PMS2_E117.8_N39.0_20191009_L1A0004299083-MSS2.xml,centertime,2019-10-09 11:24:06,2019-10-09 11:24:06,2019-10-09 11:24:06.500000,corner_average_longitude,117.76875,corner_average_latitude,39.011224999999996,xml_corner_average,ok,
E:\进行时\美丽海湾\数据样本\GF2原始数据\GF2_PMS2_E117.8_N39.0_20230507_L1A0007266757.tar.gz,117.8,39.0,2023-05-07,GF2_PMS2_E117.8_N39.0_20230507_L1A0007266757-MSS2.xml,centertime,2023-05-07 10:12:38,2023-05-07 10:12:38,2023-05-07 10:12:37.500000,corner_average_longitude,117.84547625,corner_average_latitude,38.9711255,xml_corner_average,ok,
E:\进行时\美丽海湾\数据样本\GF2原始数据\GF2_PMS2_E117.8_N39.0_20240624_L1A13931682001.tar.gz,117.8,39.0,2024-06-24,GF2_PMS2_E117.8_N39.0_20240624_L1A13931682001-MSS2.xml,centertime,2024-06-24 09:28:32,2024-06-24 09:28:32,2024-06-24 09:28:32,centerlongitude,117.799578,centerlatitude,38.971095,xml_center,ok,
E:\进行时\美丽海湾\数据样本\GF2原始数据\GF2_PMS2_E117.8_N39.0_20240624_L1A13931682002.tar.gz,117.8,39.0,2024-06-24,GF2_PMS2_E117.8_N39.0_20240624_L1A13931682002-MSS2.xml,centertime,2024-06-24 09:28:32,2024-06-24 09:28:32,2024-06-24 09:28:32,centerlongitude,117.799578,centerlatitude,38.971095,xml_center,ok,
E:\进行时\美丽海湾\数据样本\GF2原始数据\GF2_PMS2_E117.8_N39.1_20150705_L1A0000918648.tar.gz,117.8,39.1,2015-07-05,GF2_PMS2_E117.8_N39.1_20150705_L1A0000918648-MSS2.xml,centertime,2015-07-05 11:17:17,2015-07-05 11:17:17,2015-07-05 11:17:16.500000,corner_average_longitude,117.85025,corner_average_latitude,39.1396,xml_corner_average,ok,
E:\进行时\美丽海湾\数据样本\GF2原始数据\GF2_PMS2_E117.8_N39.1_20160226_L1A0001435050.tar.gz,117.8,39.1,2016-02-26,GF2_PMS2_E117.8_N39.1_20160226_L1A0001435050-MSS2.xml,centertime,2016-02-26 11:14:08,2016-02-26 11:14:08,2016-02-26 11:14:07.500000,corner_average_longitude,117.76225,corner_average_latitude,39.1452,xml_corner_average,ok,
E:\进行时\美丽海湾\数据样本\GF2原始数据\GF2_PMS2_E117.8_N39.1_20181004_L1A0003520344.tar.gz,117.8,39.1,2018-10-04,GF2_PMS2_E117.8_N39.1_20181004_L1A0003520344-MSS2.xml,centertime,2018-10-04 11:23:17,2018-10-04 11:23:17,2018-10-04 11:23:16.500000,corner_average_longitude,117.81125,corner_average_latitude,39.1453,xml_corner_average,ok,
E:\进行时\美丽海湾\数据样本\GF2原始数据\GF2_PMS2_E117.8_N39.1_20191009_L1A0004299080.tar.gz,117.8,39.1,2019-10-09,GF2_PMS2_E117.8_N39.1_20191009_L1A0004299080-MSS2.xml,centertime,2019-10-09 11:24:04,2019-10-09 11:24:04,2019-10-09 11:24:04.500000,corner_average_longitude,117.80825,corner_average_latitude,39.144125,xml_corner_average,ok,
E:\进行时\美丽海湾\数据样本\GF2原始数据\GF2_PMS2_E117.8_N39.1_20210104_L1A0005369148.tar.gz,117.8,39.1,2021-01-04,GF2_PMS2_E117.8_N39.1_20210104_L1A0005369148-MSS2.xml,centertime,2021-01-04 11:01:04,2021-01-04 11:01:04,2021-01-04 11:01:03.500000,corner_average_longitude,117.77799999999999,corner_average_latitude,39.146175,xml_corner_average,ok,
E:\进行时\美丽海湾\数据样本\GF2原始数据\GF2_PMS2_E117.8_N39.1_20240906_L1A14087402001.tar.gz,117.8,39.1,2024-09-06,GF2_PMS2_E117.8_N39.1_20240906_L1A14087402001-MSS2.xml,centertime,2024-09-06 09:36:02,2024-09-06 09:36:02,2024-09-06 09:36:01.500000,centerlongitude,117.790144,centerlatitude,39.147877,xml_center,ok,
E:\进行时\美丽海湾\数据样本\GF2原始数据\GF2_PMS2_E117.9_N38.3_20171113_L1A0002763628.tar.gz,117.9,38.3,2017-11-13,GF2_PMS2_E117.9_N38.3_20171113_L1A0002763628-MSS2.xml,centertime,2017-11-13 11:28:04,2017-11-13 11:28:04,2017-11-13 11:28:04.500000,corner_average_longitude,117.9395,corner_average_latitude,38.256675,xml_corner_average,ok,
E:\进行时\美丽海湾\数据样本\GF2原始数据\GF2_PMS2_E117.9_N38.3_20200428_L1A0004771554.tar.gz,117.9,38.3,2020-04-28,GF2_PMS2_E117.9_N38.3_20200428_L1A0004771554-MSS2.xml,centertime,2020-04-28 11:17:28,2020-04-28 11:17:28,2020-04-28 11:17:28.500000,corner_average_longitude,117.867,corner_average_latitude,38.259225,xml_corner_average,ok,
E:\进行时\美丽海湾\数据样本\GF2原始数据\GF2_PMS2_E117.9_N38.3_20200428_L1A0005156042.tar.gz,117.9,38.3,2020-04-28,GF2_PMS2_E117.9_N38.3_20200428_L1A0005156042-MSS2.xml,centertime,2020-04-28 11:17:28,2020-04-28 11:17:28,2020-04-28 11:17:28.500000,corner_average_longitude,117.89025000000001,corner_average_latitude,38.2565,xml_corner_average,ok,
E:\进行时\美丽海湾\数据样本\GF2原始数据\GF2_PMS2_E117.9_N38.3_20220222_L1A0006307273.tar.gz,117.9,38.3,2022-02-22,GF2_PMS2_E117.9_N38.3_20220222_L1A0006307273-MSS2.xml,centertime,2022-02-22 10:39:28,2022-02-22 10:39:28,2022-02-22 10:39:28,corner_average_longitude,117.87575000000001,corner_average_latitude,38.258725,xml_corner_average,ok,
E:\进行时\美丽海湾\数据样本\GF2原始数据\GF2_PMS2_E117.9_N38.3_20220912_L1A0006742870.tar.gz,117.9,38.3,2022-09-12,GF2_PMS2_E117.9_N38.3_20220912_L1A0006742870-MSS2.xml,centertime,2022-09-12 10:23:59,2022-09-12 10:23:59,2022-09-12 10:23:59.500000,corner_average_longitude,117.90225,corner_average_latitude,38.258849999999995,xml_corner_average,ok,
E:\进行时\美丽海湾\数据样本\GF2原始数据\GF2_PMS2_E117.9_N38.3_20220912_L1A0006918620.tar.gz,117.9,38.3,2022-09-12,GF2_PMS2_E117.9_N38.3_20220912_L1A0006918620-MSS2.xml,centertime,2022-09-12 10:23:59,2022-09-12 10:23:59,2022-09-12 10:23:59.500000,corner_average_longitude,117.90320449999999,corner_average_latitude,38.26293925,xml_corner_average,ok,
E:\进行时\美丽海湾\数据样本\GF2原始数据\GF2_PMS2_E117.9_N39.0_20150118_L1A0000595185.tar.gz,117.9,39.0,2015-01-18,GF2_PMS2_E117.9_N39.0_20150118_L1A0000595185-MSS2.xml,centertime,2015-01-18 11:02:24,2015-01-18 11:02:24,2015-01-18 11:02:23.500000,corner_average_longitude,117.81675,corner_average_latitude,38.9457,xml_corner_average,ok,
E:\进行时\美丽海湾\数据样本\GF2原始数据\GF2_PMS2_E117.9_N39.1_20150426_L1A0000772701.tar.gz,117.9,39.1,2015-04-26,GF2_PMS2_E117.9_N39.1_20150426_L1A0000772701-MSS2.xml,centertime,2015-04-26 10:55:02,2015-04-26 10:55:02,2015-04-26 10:55:01.500000,corner_average_longitude,117.83875,corner_average_latitude,39.017175,xml_corner_average,ok,
E:\进行时\美丽海湾\数据样本\GF2原始数据\GF2_PMS2_E117.9_N39.1_20190101_L1A0003725448.tar.gz,117.9,39.1,2019-01-01,GF2_PMS2_E117.9_N39.1_20190101_L1A0003725448-MSS2.xml,centertime,2019-01-01 11:28:24,2019-01-01 11:28:24,2019-01-01 11:28:23.500000,corner_average_longitude,117.9145,corner_average_latitude,39.143625,xml_corner_average,ok,
E:\进行时\美丽海湾\数据样本\GF2原始数据\GF2_PMS2_E117.9_N39.1_20210408_L1A0005582760.tar.gz,117.9,39.1,2021-04-08,GF2_PMS2_E117.9_N39.1_20210408_L1A0005582760-MSS2.xml,centertime,2021-04-08 11:04:08,2021-04-08 11:04:08,2021-04-08 11:04:08.500000,corner_average_longitude,117.8665,corner_average_latitude,39.144800000000004,xml_corner_average,ok,
E:\进行时\美丽海湾\数据样本\GF2原始数据\GF2_PMS2_E117.9_N39.1_20210408_L1A0005608835.tar.gz,117.9,39.1,2021-04-08,GF2_PMS2_E117.9_N39.1_20210408_L1A0005608835-MSS2.xml,centertime,2021-04-08 11:04:08,2021-04-08 11:04:08,2021-04-08 11:04:08.500000,corner_average_longitude,117.8665,corner_average_latitude,39.143775000000005,xml_corner_average,ok,
E:\进行时\美丽海湾\数据样本\GF2原始数据\GF2_PMS2_E117.9_N39.1_20230507_L1A0007266750.tar.gz,117.9,39.1,2023-05-07,GF2_PMS2_E117.9_N39.1_20230507_L1A0007266750-MSS2.xml,centertime,2023-05-07 10:12:35,2023-05-07 10:12:35,2023-05-07 10:12:34.500000,corner_average_longitude,117.89772725,corner_average_latitude,39.14852975,xml_corner_average,ok,
E:\进行时\美丽海湾\数据样本\GF2原始数据\GF2_PMS2_E117.9_N39.1_20240207_L1A13665102001.tar.gz,117.9,39.1,2024-02-07,GF2_PMS2_E117.9_N39.1_20240207_L1A13665102001-MSS2.xml,centertime,2024-02-07 09:44:35,2024-02-07 09:44:35,2024-02-07 09:44:35.500000,centerlongitude,117.88389,centerlatitude,39.148566,xml_center,ok,
E:\进行时\美丽海湾\数据样本\GF2原始数据\GF2_PMS2_E117.9_N39.1_20240624_L1A13931681001.tar.gz,117.9,39.1,2024-06-24,GF2_PMS2_E117.9_N39.1_20240624_L1A13931681001-MSS2.xml,centertime,2024-06-24 09:28:29,2024-06-24 09:28:29,2024-06-24 09:28:29,centerlongitude,117.851505,centerlatitude,39.148483,xml_center,ok,
E:\进行时\美丽海湾\数据样本\GF2原始数据\GF2_PMS2_E118.0_N38.3_20160405_L1A0001506164.tar.gz,118.0,38.3,2016-04-05,GF2_PMS2_E118.0_N38.3_20160405_L1A0001506164-MSS2.xml,centertime,2016-04-05 11:07:03,2016-04-05 11:07:03,2016-04-05 11:07:03,corner_average_longitude,118.03075,corner_average_latitude,38.257850000000005,xml_corner_average,ok,
E:\进行时\美丽海湾\数据样本\GF2原始数据\GF2_PMS2_E118.0_N38.3_20180111_L1A0002923207.tar.gz,118.0,38.3,2018-01-11,GF2_PMS2_E118.0_N38.3_20180111_L1A0002923207-MSS2.xml,centertime,2018-01-11 11:25:54,2018-01-11 11:25:54,2018-01-11 11:25:54,corner_average_longitude,117.957,corner_average_latitude,38.25775,xml_corner_average,ok,
E:\进行时\美丽海湾\数据样本\GF2原始数据\GF2_PMS2_E118.0_N38.3_20180623_L1A0003276815.tar.gz,118.0,38.3,2018-06-23,GF2_PMS2_E118.0_N38.3_20180623_L1A0003276815-MSS2.xml,centertime,2018-06-23 11:32:22,2018-06-23 11:32:22,2018-06-23 11:32:22.500000,corner_average_longitude,117.98225,corner_average_latitude,38.254425,xml_corner_average,ok,
E:\进行时\美丽海湾\数据样本\GF2原始数据\GF2_PMS2_E118.0_N38.3_20220227_L1A0006316976.tar.gz,118.0,38.3,2022-02-27,GF2_PMS2_E118.0_N38.3_20220227_L1A0006316976-MSS2.xml,centertime,2022-02-27 10:40:25,2022-02-27 10:40:25,2022-02-27 10:40:25,corner_average_longitude,117.96025,corner_average_latitude,38.258525,xml_corner_average,ok,
E:\进行时\美丽海湾\数据样本\GF2原始数据\GF2_PMS2_E118.0_N38.3_20220522_L1A0006484881.tar.gz,118.0,38.3,2022-05-22,GF2_PMS2_E118.0_N38.3_20220522_L1A0006484881-MSS2.xml,centertime,2022-05-22 10:39:28,2022-05-22 10:39:28,2022-05-22 10:39:28.500000,corner_average_longitude,118.04825,corner_average_latitude,38.257400000000004,xml_corner_average,ok,
E:\进行时\美丽海湾\数据样本\GF2原始数据\GF2_PMS2_E118.0_N38.3_20240416_L1A13786995001.tar.gz,118.0,38.3,2024-04-16,GF2_PMS2_E118.0_N38.3_20240416_L1A13786995001-MSS2.xml,centertime,2024-04-16 09:35:26,2024-04-16 09:35:26,2024-04-16 09:35:26.500000,centerlongitude,117.99047,centerlatitude,38.261227,xml_center,ok,
E:\进行时\美丽海湾\数据样本\GF2原始数据\GF2_PMS2_E118.0_N39.1_20170430_L1A0002334863.tar.gz,118.0,39.1,2017-04-30,GF2_PMS2_E118.0_N39.1_20170430_L1A0002334863-MSS2.xml,centertime,2017-04-30 11:27:06,2017-04-30 11:27:06,2017-04-30 11:27:06,corner_average_longitude,117.99875,corner_average_latitude,39.143,xml_corner_average,ok,
E:\进行时\美丽海湾\数据样本\GF2原始数据\GF2_PMS2_E118.0_N39.1_20171005_L1A0002652167.tar.gz,118.0,39.1,2017-10-05,GF2_PMS2_E118.0_N39.1_20171005_L1A0002652167-MSS2.xml,centertime,2017-10-05 11:35:26,2017-10-05 11:35:26,2017-10-05 11:35:25.500000,corner_average_longitude,118.0035,corner_average_latitude,39.141075,xml_corner_average,ok,
E:\进行时\美丽海湾\数据样本\GF2原始数据\GF2_PMS2_E118.0_N39.1_20171227_L1A0002883466.tar.gz,118.0,39.1,2017-12-27,GF2_PMS2_E118.0_N39.1_20171227_L1A0002883466-MSS2.xml,centertime,2017-12-27 11:21:26,2017-12-27 11:21:26,2017-12-27 11:21:26,corner_average_longitude,117.975,corner_average_latitude,39.145525,xml_corner_average,ok,
E:\进行时\美丽海湾\数据样本\GF2原始数据\GF2_PMS2_E118.0_N39.1_20240709_L1A13945384001.tar.gz,118.0,39.1,2024-07-09,GF2_PMS2_E118.0_N39.1_20240709_L1A13945384001-MSS2.xml,centertime,2024-07-09 09:29:16,2024-07-09 09:29:16,2024-07-09 09:29:15.500000,centerlongitude,118.034903,centerlatitude,39.147666,xml_center,ok,
E:\进行时\美丽海湾\数据样本\GF2原始数据\GF2_PMS2_E118.0_N39.3_20150426_L1A0000772700.tar.gz,118.0,39.3,2015-04-26,GF2_PMS2_E118.0_N39.3_20150426_L1A0000772700-MSS2.xml,centertime,2015-04-26 10:54:59,2015-04-26 10:54:59,2015-04-26 10:54:58.500000,corner_average_longitude,117.884,corner_average_latitude,39.194874999999996,xml_corner_average,ok,
E:\进行时\美丽海湾\数据样本\GF2原始数据\GF2_PMS2_E118.1_N38.3_20220527_L1A0006495505.tar.gz,118.1,38.3,2022-05-27,GF2_PMS2_E118.1_N38.3_20220527_L1A0006495505-MSS2.xml,centertime,2022-05-27 10:40:30,2022-05-27 10:40:30,2022-05-27 10:40:29.500000,corner_average_longitude,118.09075,corner_average_latitude,38.2568,xml_corner_average,ok,
E:\进行时\美丽海湾\数据样本\GF2原始数据\GF2_PMS2_E118.1_N38.3_20240827_L1A14061143001.tar.gz,118.1,38.3,2024-08-27,GF2_PMS2_E118.1_N38.3_20240827_L1A14061143001-MSS2.xml,centertime,2024-08-27 09:33:06,2024-08-27 09:33:06,2024-08-27 09:33:05.500000,centerlongitude,118.072051,centerlatitude,38.260685,xml_center,ok,
E:\进行时\美丽海湾\数据样本\GF2原始数据\GF2_PMS2_E118.1_N38.3_20250112_L1A14378586001.tar.gz,118.1,38.3,2025-01-12,GF2_PMS2_E118.1_N38.3_20250112_L1A14378586001-MSS2.xml,centertime,2025-01-12 09:45:32,2025-01-12 09:45:32,2025-01-12 09:45:31.500000,centerlongitude,118.108464,centerlatitude,38.261254,xml_center,ok,
E:\进行时\美丽海湾\数据样本\GF2原始数据\GF2_PMS2_E118.1_N39.1_20150817_L1A0000987771.tar.gz,118.1,39.1,2015-08-17,GF2_PMS2_E118.1_N39.1_20150817_L1A0000987771-MSS2.xml,centertime,2015-08-17 10:52:40,2015-08-17 10:52:40,2015-08-17 10:52:40,corner_average_longitude,118.04825,corner_average_latitude,39.142875000000004,xml_corner_average,ok,
E:\进行时\美丽海湾\数据样本\GF2原始数据\GF2_PMS2_E118.1_N39.1_20211101_L1A0006004348.tar.gz,118.1,39.1,2021-11-01,GF2_PMS2_E118.1_N39.1_20211101_L1A0006004348-MSS2.xml,centertime,2021-11-01 10:53:08,2021-11-01 10:53:08,2021-11-01 10:53:08,corner_average_longitude,118.09375,corner_average_latitude,39.144425,xml_corner_average,ok,
E:\进行时\美丽海湾\数据样本\GF2原始数据\GF2_PMS2_E118.1_N39.1_20220222_L1A0006307268.tar.gz,118.1,39.1,2022-02-22,GF2_PMS2_E118.1_N39.1_20220222_L1A0006307268-MSS2.xml,centertime,2022-02-22 10:39:13,2022-02-22 10:39:13,2022-02-22 10:39:13,corner_average_longitude,118.11475,corner_average_latitude,39.1459,xml_corner_average,ok,
E:\进行时\美丽海湾\数据样本\GF2原始数据\GF2_PMS2_E118.1_N39.1_20220912_L1A0006876811.tar.gz,118.1,39.1,2022-09-12,GF2_PMS2_E118.1_N39.1_20220912_L1A0006876811-MSS2.xml,centertime,2022-09-12 10:23:45,2022-09-12 10:23:45,2022-09-12 10:23:44.500000,corner_average_longitude,118.13675,corner_average_latitude,39.146175,xml_corner_average,ok,
E:\进行时\美丽海湾\数据样本\GF2原始数据\GF2_PMS2_E118.1_N39.1_20250530_L1A14668143001.tar.gz,118.1,39.1,2025-05-30,GF2_PMS2_E118.1_N39.1_20250530_L1A14668143001-MSS2.xml,centertime,2025-05-30 09:57:17,2025-05-30 09:57:17,2025-05-30 09:57:17.500000,centerlongitude,118.133233,centerlatitude,39.147617,xml_center,ok,
E:\进行时\美丽海湾\数据样本\GF2原始数据\GF2_PMS2_E118.2_N39.0_20180111_L1A0002923202.tar.gz,118.2,39.0,2018-01-11,GF2_PMS2_E118.2_N39.0_20180111_L1A0002923202-MSS2.xml,centertime,2018-01-11 11:25:43,2018-01-11 11:25:43,2018-01-11 11:25:42.500000,corner_average_longitude,118.16025,corner_average_latitude,38.96755,xml_corner_average,ok,
E:\进行时\美丽海湾\数据样本\GF2原始数据\GF2_PMS2_E118.2_N39.1_20171113_L1A0002763430.tar.gz,118.2,39.1,2017-11-13,GF2_PMS2_E118.2_N39.1_20171113_L1A0002763430-MSS2.xml,centertime,2017-11-13 11:27:50,2017-11-13 11:27:50,2017-11-13 11:27:49.500000,corner_average_longitude,118.20224999999999,corner_average_latitude,39.143875,xml_corner_average,ok,
E:\进行时\美丽海湾\数据样本\GF2原始数据\GF2_PMS2_E118.2_N39.1_20180111_L1A0002923201.tar.gz,118.2,39.1,2018-01-11,GF2_PMS2_E118.2_N39.1_20180111_L1A0002923201-MSS2.xml,centertime,2018-01-11 11:25:40,2018-01-11 11:25:40,2018-01-11 11:25:39.500000,corner_average_longitude,118.21175,corner_average_latitude,39.144875,xml_corner_average,ok,
E:\进行时\美丽海湾\数据样本\GF2原始数据\GF2_PMS2_E118.2_N39.1_20200428_L1A0004771548.tar.gz,118.2,39.1,2020-04-28,GF2_PMS2_E118.2_N39.1_20200428_L1A0004771548-MSS2.xml,centertime,2020-04-28 11:17:14,2020-04-28 11:17:14,2020-04-28 11:17:13.500000,corner_average_longitude,118.12875,corner_average_latitude,39.146475,xml_corner_average,ok,
E:\进行时\美丽海湾\数据样本\GF2原始数据\GF2_PMS2_E118.2_N39.1_20220917_L1A0006875229.tar.gz,118.2,39.1,2022-09-17,GF2_PMS2_E118.2_N39.1_20220917_L1A0006875229-MSS2.xml,centertime,2022-09-17 10:24:36,2022-09-17 10:24:36,2022-09-17 10:24:36,corner_average_longitude,118.23724999999999,corner_average_latitude,39.145925,xml_corner_average,ok,
E:\进行时\美丽海湾\数据样本\GF2原始数据\GF2_PMS2_E118.2_N39.1_20240416_L1A13786990001.tar.gz,118.2,39.1,2024-04-16,GF2_PMS2_E118.2_N39.1_20240416_L1A13786990001-MSS2.xml,centertime,2024-04-16 09:35:12,2024-04-16 09:35:12,2024-04-16 09:35:12,centerlongitude,118.248341,centerlatitude,39.148418,xml_center,ok,
E:\进行时\美丽海湾\数据样本\GF2原始数据\GF2_PMS2_E118.2_N39.1_20240619_L1A13920910001.tar.gz,118.2,39.1,2024-06-19,GF2_PMS2_E118.2_N39.1_20240619_L1A13920910001-MSS2.xml,centertime,2024-06-19 09:27:42,2024-06-19 09:27:42,2024-06-19 09:27:42,centerlongitude,118.200271,centerlatitude,39.14851,xml_center,ok,
E:\进行时\美丽海湾\数据样本\GF2原始数据\GF2_PMS2_E118.3_N39.0_20150323_L1A0000713267.tar.gz,118.3,39.0,2015-03-23,GF2_PMS2_E118.3_N39.0_20150323_L1A0000713267-MSS2.xml,centertime,2015-03-23 11:03:21,2015-03-23 11:03:21,2015-03-23 11:03:21.500000,corner_average_longitude,118.2685,corner_average_latitude,38.943275,xml_corner_average,ok,
E:\进行时\美丽海湾\数据样本\GF2原始数据\GF2_PMS2_E118.3_N39.0_20160930_L1A0001857525.tar.gz,118.3,39.0,2016-09-30,GF2_PMS2_E118.3_N39.0_20160930_L1A0001857525-MSS2.xml,centertime,2016-09-30 11:22:58,2016-09-30 11:22:58,2016-09-30 11:22:57.500000,corner_average_longitude,118.25999999999999,corner_average_latitude,38.965975,xml_corner_average,ok,
E:\进行时\美丽海湾\数据样本\GF2原始数据\GF2_PMS2_E118.3_N39.0_20201201_L1A0005273577.tar.gz,118.3,39.0,2020-12-01,GF2_PMS2_E118.3_N39.0_20201201_L1A0005273577-MSS2.xml,centertime,2020-12-01 11:12:49,2020-12-01 11:12:49,2020-12-01 11:12:48.500000,corner_average_longitude,118.3365,corner_average_latitude,38.9651,xml_corner_average,ok,
E:\进行时\美丽海湾\数据样本\GF2原始数据\GF2_PMS2_E118.3_N39.0_20210601_L1A0005676798.tar.gz,118.3,39.0,2021-06-01,GF2_PMS2_E118.3_N39.0_20210601_L1A0005676798-MSS2.xml,centertime,2021-06-01 10:57:09,2021-06-01 10:57:09,2021-06-01 10:57:09,corner_average_longitude,118.32075,corner_average_latitude,38.9672,xml_corner_average,ok,
E:\进行时\美丽海湾\数据样本\GF2原始数据\GF2_PMS2_E118.3_N39.0_20220527_L1A0006495499.tar.gz,118.3,39.0,2022-05-27,GF2_PMS2_E118.3_N39.0_20220527_L1A0006495499-MSS2.xml,centertime,2022-05-27 10:40:18,2022-05-27 10:40:18,2022-05-27 10:40:18,corner_average_longitude,118.30250000000001,corner_average_latitude,38.966575,xml_corner_average,ok,
E:\进行时\美丽海湾\数据样本\GF2原始数据\GF2_PMS2_E118.3_N39.0_20240827_L1A14061139001.tar.gz,118.3,39.0,2024-08-27,GF2_PMS2_E118.3_N39.0_20240827_L1A14061139001-MSS2.xml,centertime,2024-08-27 09:32:54,2024-08-27 09:32:54,2024-08-27 09:32:54,centerlongitude,118.287363,centerlatitude,38.970459,xml_center,ok,
E:\进行时\美丽海湾\数据样本\GF2原始数据\GF2_PMS2_E118.3_N39.1_20160405_L1A0001506178.tar.gz,118.3,39.1,2016-04-05,GF2_PMS2_E118.3_N39.1_20160405_L1A0001506178-MSS2.xml,centertime,2016-04-05 11:06:49,2016-04-05 11:06:49,2016-04-05 11:06:49,corner_average_longitude,118.25800000000001,corner_average_latitude,39.145075,xml_corner_average,ok,
E:\进行时\美丽海湾\数据样本\GF2原始数据\GF2_PMS2_E118.3_N39.1_20170930_L1A0002638472.tar.gz,118.3,39.1,2017-09-30,GF2_PMS2_E118.3_N39.1_20170930_L1A0002638472-MSS2.xml,centertime,2017-09-30 11:34:04,2017-09-30 11:34:04,2017-09-30 11:34:03.500000,corner_average_longitude,118.2675,corner_average_latitude,39.141175,xml_corner_average,ok,
E:\进行时\美丽海湾\数据样本\GF2原始数据\GF2_PMS2_E118.3_N39.1_20180623_L1A0003276808.tar.gz,118.3,39.1,2018-06-23,GF2_PMS2_E118.3_N39.1_20180623_L1A0003276808-MSS2.xml,centertime,2018-06-23 11:32:08,2018-06-23 11:32:08,2018-06-23 11:32:07.500000,corner_average_longitude,118.25874999999999,corner_average_latitude,39.141575,xml_corner_average,ok,
E:\进行时\美丽海湾\数据样本\GF2原始数据\GF2_PMS2_E118.3_N39.1_20220309_L1A0006336543.tar.gz,118.3,39.1,2022-03-09,GF2_PMS2_E118.3_N39.1_20220309_L1A0006336543-MSS2.xml,centertime,2022-03-09 10:42:21,2022-03-09 10:42:21,2022-03-09 10:42:21.500000,corner_average_longitude,118.28525,corner_average_latitude,39.14515,xml_corner_average,ok,
E:\进行时\美丽海湾\数据样本\GF2原始数据\GF2_PMS2_E118.3_N39.1_20220517_L1A0006474220.tar.gz,118.3,39.1,2022-05-17,GF2_PMS2_E118.3_N39.1_20220517_L1A0006474220-MSS2.xml,centertime,2022-05-17 10:38:08,2022-05-17 10:38:08,2022-05-17 10:38:08.500000,corner_average_longitude,118.281,corner_average_latitude,39.1451,xml_corner_average,ok,
E:\进行时\美丽海湾\数据样本\GF2原始数据\GF2_PMS2_E118.3_N39.1_20240202_L1A13652414001.tar.gz,118.3,39.1,2024-02-02,GF2_PMS2_E118.3_N39.1_20240202_L1A13652414001-MSS2.xml,centertime,2024-02-02 09:43:27,2024-02-02 09:43:27,2024-02-02 09:43:27.500000,centerlongitude,118.305018,centerlatitude,39.148938,xml_center,ok,
E:\进行时\美丽海湾\数据样本\GF2原始数据\GF2_PMS2_E118.4_N39.0_20190929_L1A0004274714.tar.gz,118.4,39.0,2019-09-29,GF2_PMS2_E118.4_N39.0_20190929_L1A0004274714-MSS2.xml,centertime,2019-09-29 11:21:36,2019-09-29 11:21:36,2019-09-29 11:21:36,corner_average_longitude,118.44024999999999,corner_average_latitude,38.96655,xml_corner_average,ok,
E:\进行时\美丽海湾\数据样本\GF2原始数据\GF2_PMS2_E118.4_N39.0_20210809_L1A0005808145.tar.gz,118.4,39.0,2021-08-09,GF2_PMS2_E118.4_N39.0_20210809_L1A0005808145-MSS2.xml,centertime,2021-08-09 10:54:02,2021-08-09 10:54:02,2021-08-09 10:54:02,corner_average_longitude,118.4345,corner_average_latitude,38.966825,xml_corner_average,ok,
E:\进行时\美丽海湾\数据样本\GF2原始数据\GF2_PMS2_E118.4_N39.0_20211022_L1A0005977187.tar.gz,118.4,39.0,2021-10-22,GF2_PMS2_E118.4_N39.0_20211022_L1A0005977187-MSS2.xml,centertime,2021-10-22 10:50:50,2021-10-22 10:50:50,2021-10-22 10:50:50,corner_average_longitude,118.38225,corner_average_latitude,38.967525,xml_corner_average,ok,
E:\进行时\美丽海湾\数据样本\GF2原始数据\GF2_PMS2_E118.4_N39.0_20220104_L1A0006193282.tar.gz,118.4,39.0,2022-01-04,GF2_PMS2_E118.4_N39.0_20220104_L1A0006193282-MSS2.xml,centertime,2022-01-04 10:47:57,2022-01-04 10:47:57,2022-01-04 10:47:57,corner_average_longitude,118.39225,corner_average_latitude,38.967325,xml_corner_average,ok,
E:\进行时\美丽海湾\数据样本\GF2原始数据\GF2_PMS2_E118.4_N39.1_20150323_L1A0000713266.tar.gz,118.4,39.1,2015-03-23,GF2_PMS2_E118.4_N39.1_20150323_L1A0000713266-MSS2.xml,centertime,2015-03-23 11:03:19,2015-03-23 11:03:19,2015-03-23 11:03:19,corner_average_longitude,118.31125,corner_average_latitude,39.087199999999996,xml_corner_average,ok,
E:\进行时\美丽海湾\数据样本\GF2原始数据\GF2_PMS2_E118.4_N39.1_20211022_L1A0005977216.tar.gz,118.4,39.1,2021-10-22,GF2_PMS2_E118.4_N39.1_20211022_L1A0005977216-MSS2.xml,centertime,2021-10-22 10:50:47,2021-10-22 10:50:47,2021-10-22 10:50:47.500000,corner_average_longitude,118.43375,corner_average_latitude,39.144925,xml_corner_average,ok,
E:\进行时\美丽海湾\数据样本\GF2原始数据\GF2_PMS2_E118.5_N39.0_20160515_L1A0001583828.tar.gz,118.5,39.0,2016-05-15,GF2_PMS2_E118.5_N39.0_20160515_L1A0001583828-MSS2.xml,centertime,2016-05-15 11:20:05,2016-05-15 11:20:05,2016-05-15 11:20:05,corner_average_longitude,118.534,corner_average_latitude,38.965275,xml_corner_average,ok,
E:\进行时\美丽海湾\数据样本\GF2原始数据\GF2_PMS2_E118.5_N39.0_20241104_L1A14221843001.tar.gz,118.5,39.0,2024-11-04,GF2_PMS2_E118.5_N39.0_20241104_L1A14221843001-MSS2.xml,centertime,2024-11-04 09:38:28,2024-11-04 09:38:28,2024-11-04 09:38:28.500000,centerlongitude,118.517919,centerlatitude,38.970304,xml_center,ok,
E:\进行时\美丽海湾\数据样本\GF2原始数据\GF2_PMS2_E118.5_N39.0_20241104_L1A14224249001.tar.gz,118.5,39.0,2024-11-04,GF2_PMS2_E118.5_N39.0_20241104_L1A14224249001-MSS2.xml,centertime,2024-11-04 09:38:28,2024-11-04 09:38:28,2024-11-04 09:38:28.500000,centerlongitude,118.517919,centerlatitude,38.970304,xml_center,ok,
E:\进行时\美丽海湾\数据样本\GF2原始数据\GF2_PMS2_E118.5_N39.1_20190929_L1A0004274715.tar.gz,118.5,39.1,2019-09-29,GF2_PMS2_E118.5_N39.1_20190929_L1A0004274715-MSS2.xml,centertime,2019-09-29 11:21:33,2019-09-29 11:21:33,2019-09-29 11:21:33.500000,corner_average_longitude,118.493,corner_average_latitude,39.143925,xml_corner_average,ok,
E:\进行时\美丽海湾\数据样本\GF2原始数据\GF2_PMS2_E118.5_N39.1_20210809_L1A0005808144.tar.gz,118.5,39.1,2021-08-09,GF2_PMS2_E118.5_N39.1_20210809_L1A0005808144-MSS2.xml,centertime,2021-08-09 10:53:59,2021-08-09 10:53:59,2021-08-09 10:53:59,corner_average_longitude,118.48575,corner_average_latitude,39.1443,xml_corner_average,ok,
E:\进行时\美丽海湾\数据样本\GF2原始数据\GF2_PMS2_E118.5_N39.1_20231120_L1A13484421001.tar.gz,118.5,39.1,2023-11-20,GF2_PMS2_E118.5_N39.1_20231120_L1A13484421001-MSS2.xml,centertime,2023-11-20 09:50:37,2023-11-20 09:50:37,2023-11-20 09:50:36.500000,centerlongitude,118.525098,centerlatitude,39.148867,xml_center,ok,
E:\进行时\美丽海湾\数据样本\GF2原始数据\GF2_PMS2_E118.5_N39.1_20250322_L1A14523541001.tar.gz,118.5,39.1,2025-03-22,GF2_PMS2_E118.5_N39.1_20250322_L1A14523541001-MSS2.xml,centertime,2025-03-22 09:50:24,2025-03-22 09:50:24,2025-03-22 09:50:24.500000,centerlongitude,118.526752,centerlatitude,39.147887,xml_center,ok,
E:\进行时\美丽海湾\数据样本\GF2原始数据\GF2_PMS2_E118.6_N39.1_20160515_L1A0001583815.tar.gz,118.6,39.1,2016-05-15,GF2_PMS2_E118.6_N39.1_20160515_L1A0001583815-MSS2.xml,centertime,2016-05-15 11:20:02,2016-05-15 11:20:02,2016-05-15 11:20:02.500000,corner_average_longitude,118.58875,corner_average_latitude,39.1427,xml_corner_average,ok,
E:\进行时\美丽海湾\数据样本\GF2原始数据\GF2_PMS2_E118.6_N39.1_20221007_L1A0006877686.tar.gz,118.6,39.1,2022-10-07,GF2_PMS2_E118.6_N39.1_20221007_L1A0006877686-MSS2.xml,centertime,2022-10-07 10:29:02,2022-10-07 10:29:02,2022-10-07 10:29:02,corner_average_longitude,118.58675,corner_average_latitude,39.144075,xml_corner_average,ok,
E:\进行时\美丽海湾\数据样本\GF2原始数据\GF2_PMS2_E118.6_N39.1_20221012_L1A0006878373.tar.gz,118.6,39.1,2022-10-12,GF2_PMS2_E118.6_N39.1_20221012_L1A0006878373-MSS2.xml,centertime,2022-10-12 10:30:09,2022-10-12 10:30:09,2022-10-12 10:30:09,corner_average_longitude,118.60425000000001,corner_average_latitude,39.143475,xml_corner_average,ok,
E:\进行时\美丽海湾\数据样本\GF2原始数据\GF2_PMS2_E118.6_N39.1_20221012_L1A0006942046.tar.gz,118.6,39.1,2022-10-12,GF2_PMS2_E118.6_N39.1_20221012_L1A0006942046-MSS2.xml,centertime,2022-10-12 10:30:09,2022-10-12 10:30:09,2022-10-12 10:30:09,corner_average_longitude,118.6055265,corner_average_latitude,39.14748725,xml_corner_average,ok,
E:\进行时\美丽海湾\数据样本\GF2原始数据\GF2_PMS2_E118.6_N39.1_20241104_L1A14221842001.tar.gz,118.6,39.1,2024-11-04,GF2_PMS2_E118.6_N39.1_20241104_L1A14221842001-MSS2.xml,centertime,2024-11-04 09:38:25,2024-11-04 09:38:25,2024-11-04 09:38:25.500000,centerlongitude,118.572226,centerlatitude,39.1477,xml_center,ok,
E:\进行时\美丽海湾\数据样本\GF2原始数据\GF2_PMS2_E118.6_N39.1_20241104_L1A14224248001.tar.gz,118.6,39.1,2024-11-04,GF2_PMS2_E118.6_N39.1_20241104_L1A14224248001-MSS2.xml,centertime,2024-11-04 09:38:25,2024-11-04 09:38:25,2024-11-04 09:38:25.500000,centerlongitude,118.572226,centerlatitude,39.1477,xml_center,ok,
E:\进行时\美丽海湾\数据样本\GF2原始数据\GF2_PMS2_E118.7_N39.1_20160530_L1A0001612250.tar.gz,118.7,39.1,2016-05-30,GF2_PMS2_E118.7_N39.1_20160530_L1A0001612250-MSS2.xml,centertime,2016-05-30 11:24:42,2016-05-30 11:24:42,2016-05-30 11:24:42,corner_average_longitude,118.72999999999999,corner_average_latitude,39.140275,xml_corner_average,ok,
E:\进行时\美丽海湾\数据样本\GF2原始数据\GF2_PMS2_E118.7_N39.1_20161005_L1A0001867906.tar.gz,118.7,39.1,2016-10-05,GF2_PMS2_E118.7_N39.1_20161005_L1A0001867906-MSS2.xml,centertime,2016-10-05 11:24:27,2016-10-05 11:24:27,2016-10-05 11:24:26.500000,corner_average_longitude,118.71475,corner_average_latitude,39.1422,xml_corner_average,ok,
E:\进行时\美丽海湾\数据样本\GF2原始数据\GF2_PMS2_E118.7_N39.1_20240128_L1A13636152001.tar.gz,118.7,39.1,2024-01-28,GF2_PMS2_E118.7_N39.1_20240128_L1A13636152001-MSS2.xml,centertime,2024-01-28 09:42:15,2024-01-28 09:42:15,2024-01-28 09:42:14.500000,centerlongitude,118.746029,centerlatitude,39.148938,xml_center,ok,
E:\进行时\美丽海湾\数据样本\GF2原始数据\GF2_PMS2_E118.8_N39.1_20150531_L1A0000835831.tar.gz,118.8,39.1,2015-05-31,GF2_PMS2_E118.8_N39.1_20150531_L1A0000835831-MSS2.xml,centertime,2015-05-31 11:06:10,2015-05-31 11:06:10,2015-05-31 11:06:10.500000,corner_average_longitude,118.79075,corner_average_latitude,39.142025000000004,xml_corner_average,ok,
E:\进行时\美丽海湾\数据样本\GF2原始数据\GF2_PMS2_E118.8_N39.1_20180415_L1A0003123865.tar.gz,118.8,39.1,2018-04-15,GF2_PMS2_E118.8_N39.1_20180415_L1A0003123865-MSS2.xml,centertime,2018-04-15 11:31:49,2018-04-15 11:31:49,2018-04-15 11:31:49,corner_average_longitude,118.76075,corner_average_latitude,39.141375,xml_corner_average,ok,
E:\进行时\美丽海湾\数据样本\GF2原始数据\GF2_PMS2_E118.8_N39.1_20180420_L1A0003133894.tar.gz,118.8,39.1,2018-04-20,GF2_PMS2_E118.8_N39.1_20180420_L1A0003133894-MSS2.xml,centertime,2018-04-20 11:33:06,2018-04-20 11:33:06,2018-04-20 11:33:06.500000,corner_average_longitude,118.79925,corner_average_latitude,39.1406,xml_corner_average,ok,
E:\进行时\美丽海湾\数据样本\GF2原始数据\GF2_PMS2_E118.8_N39.1_20190924_L1A0004262939.tar.gz,118.8,39.1,2019-09-24,GF2_PMS2_E118.8_N39.1_20190924_L1A0004262939-MSS2.xml,centertime,2019-09-24 11:20:17,2019-09-24 11:20:17,2019-09-24 11:20:17,corner_average_longitude,118.83574999999999,corner_average_latitude,39.14375,xml_corner_average,ok,
E:\进行时\美丽海湾\数据样本\GF2原始数据\GF2_PMS2_E118.8_N39.1_20230705_L1A0007378545.tar.gz,118.8,39.1,2023-07-05,GF2_PMS2_E118.8_N39.1_20230705_L1A0007378545-MSS2.xml,centertime,2023-07-05 10:03:12,2023-07-05 10:03:12,2023-07-05 10:03:12,corner_average_longitude,118.84389350000001,corner_average_latitude,39.148717,xml_corner_average,ok,
E:\进行时\美丽海湾\数据样本\GF2原始数据\GF2_PMS2_E118.8_N39.1_20250107_L1A14367370001.tar.gz,118.8,39.1,2025-01-07,GF2_PMS2_E118.8_N39.1_20250107_L1A14367370001-MSS2.xml,centertime,2025-01-07 09:43:19,2025-01-07 09:43:19,2025-01-07 09:43:18.500000,centerlongitude,118.762482,centerlatitude,39.148431,xml_center,ok,
E:\进行时\美丽海湾\数据样本\GF2原始数据\GF2_PMS2_E118.8_N39.1_20250317_L1A14514164001.tar.gz,118.8,39.1,2025-03-17,GF2_PMS2_E118.8_N39.1_20250317_L1A14514164001-MSS2.xml,centertime,2025-03-17 09:48:53,2025-03-17 09:48:53,2025-03-17 09:48:53.500000,centerlongitude,118.805202,centerlatitude,39.147869,xml_center,ok,
E:\进行时\美丽海湾\数据样本\GF2原始数据\GF2_PMS2_E118.9_N39.1_20150907_L1A0001026503.tar.gz,118.9,39.1,2015-09-07,GF2_PMS2_E118.9_N39.1_20150907_L1A0001026503-MSS2.xml,centertime,2015-09-07 11:18:08,2015-09-07 11:18:08,2015-09-07 11:18:08,corner_average_longitude,118.88875,corner_average_latitude,39.137525,xml_corner_average,ok,
E:\进行时\美丽海湾\数据样本\GF2原始数据\GF2_PMS2_E119.0_N39.1_20161108_L1A0001947226.tar.gz,119.0,39.1,2016-11-08,GF2_PMS2_E119.0_N39.1_20161108_L1A0001947226-MSS2.xml,centertime,2016-11-08 11:15:11,2016-11-08 11:15:11,2016-11-08 11:15:11.500000,corner_average_longitude,119.0145,corner_average_latitude,39.1449,xml_corner_average,ok,
E:\进行时\美丽海湾\数据样本\GF2原始数据\GF2_PMS2_E119.0_N39.1_20201106_L1A0005165711.tar.gz,119.0,39.1,2020-11-06,GF2_PMS2_E119.0_N39.1_20201106_L1A0005165711-MSS2.xml,centertime,2020-11-06 11:07:03,2020-11-06 11:07:03,2020-11-06 11:07:02.500000,corner_average_longitude,119.01225,corner_average_latitude,39.144425,xml_corner_average,ok,
E:\进行时\美丽海湾\数据样本\GF2原始数据\GF2_PMS2_E119.0_N39.1_20240609_L1A13899010001.tar.gz,119.0,39.1,2024-06-09,GF2_PMS2_E119.0_N39.1_20240609_L1A13899010001-MSS2.xml,centertime,2024-06-09 09:25:54,2024-06-09 09:25:54,2024-06-09 09:25:54.500000,centerlongitude,118.951345,centerlatitude,39.148545,xml_center,ok,
E:\进行时\美丽海湾\数据样本\GF2原始数据\GF2_PMS2_E119.1_N39.3_20161108_L1A0001947222.tar.gz,119.1,39.3,2016-11-08,GF2_PMS2_E119.1_N39.3_20161108_L1A0001947222-MSS2.xml,centertime,2016-11-08 11:15:09,2016-11-08 11:15:09,2016-11-08 11:15:08.500000,corner_average_longitude,119.064,corner_average_latitude,39.322275,xml_corner_average,ok,
E:\进行时\美丽海湾\数据样本\GF2原始数据\GF2_PMS2_E119.1_N39.3_20181024_L1A0003543844.tar.gz,119.1,39.3,2018-10-24,GF2_PMS2_E119.1_N39.3_20181024_L1A0003543844-MSS2.xml,centertime,2018-10-24 11:28:51,2018-10-24 11:28:51,2018-10-24 11:28:51,corner_average_longitude,119.06575000000001,corner_average_latitude,39.319525,xml_corner_average,ok,
E:\进行时\美丽海湾\数据样本\GF2原始数据\GF2_PMS2_E119.1_N39.3_20201106_L1A0005165710.tar.gz,119.1,39.3,2020-11-06,GF2_PMS2_E119.1_N39.3_20201106_L1A0005165710-MSS2.xml,centertime,2020-11-06 11:07:00,2020-11-06 11:07:00,2020-11-06 11:07:00,corner_average_longitude,119.0655,corner_average_latitude,39.321799999999996,xml_corner_average,ok,
E:\进行时\美丽海湾\数据样本\GF2原始数据\GF2_PMS2_E119.1_N39.3_20240817_L1A14036932001.tar.gz,119.1,39.3,2024-08-17,GF2_PMS2_E119.1_N39.3_20240817_L1A14036932001-MSS2.xml,centertime,2024-08-17 09:29:00,2024-08-17 09:29:00,2024-08-17 09:28:59.500000,centerlongitude,119.104664,centerlatitude,39.325192,xml_center,ok,
E:\进行时\美丽海湾\数据样本\GF2原始数据\GF2_PMS2_E119.1_N39.3_20250312_L1A14503764001.tar.gz,119.1,39.3,2025-03-12,GF2_PMS2_E119.1_N39.3_20250312_L1A14503764001-MSS2.xml,centertime,2025-03-12 09:47:21,2025-03-12 09:47:21,2025-03-12 09:47:20.500000,centerlongitude,119.134937,centerlatitude,39.325253,xml_center,ok,
E:\进行时\美丽海湾\数据样本\GF2原始数据\GF2_PMS2_E119.2_N39.3_20150526_L1A0000827729.tar.gz,119.2,39.3,2015-05-26,GF2_PMS2_E119.2_N39.3_20150526_L1A0000827729-MSS2.xml,centertime,2015-05-26 11:04:39,2015-05-26 11:04:39,2015-05-26 11:04:39.500000,corner_average_longitude,119.19825,corner_average_latitude,39.319375,xml_corner_average,ok,
E:\进行时\美丽海湾\数据样本\GF2原始数据\GF2_PMS2_E119.2_N39.3_20171103_L1A0002734780.tar.gz,119.2,39.3,2017-11-03,GF2_PMS2_E119.2_N39.3_20171103_L1A0002734780-MSS2.xml,centertime,2017-11-03 11:24:43,2017-11-03 11:24:43,2017-11-03 11:24:43,corner_average_longitude,119.191,corner_average_latitude,39.32105,xml_corner_average,ok,
E:\进行时\美丽海湾\数据样本\GF2原始数据\GF2_PMS2_E119.2_N39.3_20200413_L1A0004735390.tar.gz,119.2,39.3,2020-04-13,GF2_PMS2_E119.2_N39.3_20200413_L1A0004735390-MSS2.xml,centertime,2020-04-13 11:13:35,2020-04-13 11:13:35,2020-04-13 11:13:35.500000,corner_average_longitude,119.2125,corner_average_latitude,39.320575,xml_corner_average,ok,
E:\进行时\美丽海湾\数据样本\GF2原始数据\GF2_PMS2_E119.2_N39.3_20230630_L1A0007370403.tar.gz,119.2,39.3,2023-06-30,GF2_PMS2_E119.2_N39.3_20230630_L1A0007370403-MSS2.xml,centertime,2023-06-30 10:02:26,2023-06-30 10:02:26,2023-06-30 10:02:26,corner_average_longitude,119.19616375000001,corner_average_latitude,39.32611575,xml_corner_average,ok,
E:\进行时\美丽海湾\数据样本\GF2原始数据\GF2_PMS2_E119.2_N39.3_20250102_L1A14358252001.tar.gz,119.2,39.3,2025-01-02,GF2_PMS2_E119.2_N39.3_20250102_L1A14358252001-MSS2.xml,centertime,2025-01-02 09:41:10,2025-01-02 09:41:10,2025-01-02 09:41:09.500000,centerlongitude,119.23477,centerlatitude,39.325833,xml_center,ok,
E:\进行时\美丽海湾\数据样本\GF2原始数据\GF2_PMS2_E119.2_N39.5_20150303_L1A0000678852.tar.gz,119.2,39.5,2015-03-03,GF2_PMS2_E119.2_N39.5_20150303_L1A0000678852-MSS2.xml,centertime,2015-03-03 10:57:00,2015-03-03 10:57:00,2015-03-03 10:57:00,corner_average_longitude,119.2025,corner_average_latitude,39.4567,xml_corner_average,ok,
E:\进行时\美丽海湾\数据样本\GF2原始数据\GF2_PMS2_E119.2_N39.5_20160520_L1A0001593683.tar.gz,119.2,39.5,2016-05-20,GF2_PMS2_E119.2_N39.5_20160520_L1A0001593683-MSS2.xml,centertime,2016-05-20 11:21:30,2016-05-20 11:21:30,2016-05-20 11:21:29.500000,corner_average_longitude,119.17075,corner_average_latitude,39.495850000000004,xml_corner_average,ok,
E:\进行时\美丽海湾\数据样本\GF2原始数据\GF2_PMS2_E119.2_N39.5_20171103_L1A0002734779.tar.gz,119.2,39.5,2017-11-03,GF2_PMS2_E119.2_N39.5_20171103_L1A0002734779-MSS2.xml,centertime,2017-11-03 11:24:40,2017-11-03 11:24:40,2017-11-03 11:24:40.500000,corner_average_longitude,119.24475,corner_average_latitude,39.498425,xml_corner_average,ok,
E:\进行时\美丽海湾\数据样本\GF2原始数据\GF2_PMS2_E119.2_N39.5_20230630_L1A0007370400.tar.gz,119.2,39.5,2023-06-30,GF2_PMS2_E119.2_N39.5_20230630_L1A0007370400-MSS2.xml,centertime,2023-06-30 10:02:23,2023-06-30 10:02:23,2023-06-30 10:02:23,corner_average_longitude,119.248749,corner_average_latitude,39.5034925,xml_corner_average,ok,
E:\进行时\美丽海湾\数据样本\GF2原始数据\GF2_PMS2_E119.2_N39.5_20240123_L1A13624838001.tar.gz,119.2,39.5,2024-01-23,GF2_PMS2_E119.2_N39.5_20240123_L1A13624838001-MSS2.xml,centertime,2024-01-23 09:41:11,2024-01-23 09:41:11,2024-01-23 09:41:11,centerlongitude,119.23279,centerlatitude,39.503616,xml_center,ok,
E:\进行时\美丽海湾\数据样本\GF2原始数据\GF2_PMS2_E119.2_N39.5_20240817_L1A14036931001.tar.gz,119.2,39.5,2024-08-17,GF2_PMS2_E119.2_N39.5_20240817_L1A14036931001-MSS2.xml,centertime,2024-08-17 09:28:57,2024-08-17 09:28:57,2024-08-17 09:28:56.500000,centerlongitude,119.159391,centerlatitude,39.502525,xml_center,ok,
E:\进行时\美丽海湾\数据样本\GF2原始数据\GF2_PMS2_E119.2_N39.5_20250312_L1A14503763001.tar.gz,119.2,39.5,2025-03-12,GF2_PMS2_E119.2_N39.5_20250312_L1A14503763001-MSS2.xml,centertime,2025-03-12 09:47:18,2025-03-12 09:47:18,2025-03-12 09:47:17.500000,centerlongitude,119.189515,centerlatitude,39.502575,xml_center,ok,
E:\进行时\美丽海湾\数据样本\GF2原始数据\GF2_PMS2_E119.2_N39.7_20160520_L1A0001593672.tar.gz,119.2,39.7,2016-05-20,GF2_PMS2_E119.2_N39.7_20160520_L1A0001593672-MSS2.xml,centertime,2016-05-20 11:21:27,2016-05-20 11:21:27,2016-05-20 11:21:26.500000,corner_average_longitude,119.2285,corner_average_latitude,39.67315,xml_corner_average,ok,
E:\进行时\美丽海湾\数据样本\GF2原始数据\GF2_PMS2_E119.2_N39.7_20250312_L1A14503762002.tar.gz,119.2,39.7,2025-03-12,GF2_PMS2_E119.2_N39.7_20250312_L1A14503762002-MSS2.xml,centertime,2025-03-12 09:47:15,2025-03-12 09:47:15,2025-03-12 09:47:14.500000,centerlongitude,119.244365,centerlatitude,39.679896,xml_center,ok,
E:\进行时\美丽海湾\数据样本\GF2原始数据\GF2_PMS2_E119.3_N39.5_20150526_L1A0000827728.tar.gz,119.3,39.5,2015-05-26,GF2_PMS2_E119.3_N39.5_20150526_L1A0000827728-MSS2.xml,centertime,2015-05-26 11:04:36,2015-05-26 11:04:36,2015-05-26 11:04:36.500000,corner_average_longitude,119.25274999999999,corner_average_latitude,39.496725,xml_corner_average,ok,
E:\进行时\美丽海湾\数据样本\GF2原始数据\GF2_PMS2_E119.3_N39.5_20180306_L1A0003043984.tar.gz,119.3,39.5,2018-03-06,GF2_PMS2_E119.3_N39.5_20180306_L1A0003043984-MSS2.xml,centertime,2018-03-06 11:21:05,2018-03-06 11:21:05,2018-03-06 11:21:04.500000,corner_average_longitude,119.305,corner_average_latitude,39.499275,xml_corner_average,ok,
E:\进行时\美丽海湾\数据样本\GF2原始数据\GF2_PMS2_E119.3_N39.5_20200413_L1A0004735386.tar.gz,119.3,39.5,2020-04-13,GF2_PMS2_E119.3_N39.5_20200413_L1A0004735386-MSS2.xml,centertime,2020-04-13 11:13:32,2020-04-13 11:13:32,2020-04-13 11:13:32.500000,corner_average_longitude,119.26575,corner_average_latitude,39.497925,xml_corner_average,ok,
E:\进行时\美丽海湾\数据样本\GF2原始数据\GF2_PMS2_E119.3_N39.5_20250102_L1A14358251001.tar.gz,119.3,39.5,2025-01-02,GF2_PMS2_E119.3_N39.5_20250102_L1A14358251001-MSS2.xml,centertime,2025-01-02 09:41:07,2025-01-02 09:41:07,2025-01-02 09:41:06.500000,centerlongitude,119.289367,centerlatitude,39.503139,xml_center,ok,
E:\进行时\美丽海湾\数据样本\GF2原始数据\GF2_PMS2_E119.3_N39.7_20150303_L1A0000678851.tar.gz,119.3,39.7,2015-03-03,GF2_PMS2_E119.3_N39.7_20150303_L1A0000678851-MSS2.xml,centertime,2015-03-03 10:56:57,2015-03-03 10:56:57,2015-03-03 10:56:57.500000,corner_average_longitude,119.25399999999999,corner_average_latitude,39.631975,xml_corner_average,ok,
E:\进行时\美丽海湾\数据样本\GF2原始数据\GF2_PMS2_E119.3_N39.7_20171103_L1A0002734774.tar.gz,119.3,39.7,2017-11-03,GF2_PMS2_E119.3_N39.7_20171103_L1A0002734774-MSS2.xml,centertime,2017-11-03 11:24:37,2017-11-03 11:24:37,2017-11-03 11:24:37.500000,corner_average_longitude,119.2985,corner_average_latitude,39.675775,xml_corner_average,ok,
E:\进行时\美丽海湾\数据样本\GF2原始数据\GF2_PMS2_E119.3_N39.7_20200413_L1A0004973828.tar.gz,119.3,39.7,2020-04-13,GF2_PMS2_E119.3_N39.7_20200413_L1A0004973828-MSS2.xml,centertime,2020-04-13 11:13:29,2020-04-13 11:13:29,2020-04-13 11:13:29.500000,corner_average_longitude,119.332,corner_average_latitude,39.67575,xml_corner_average,ok,
E:\进行时\美丽海湾\数据样本\GF2原始数据\GF2_PMS2_E119.3_N39.7_20240123_L1A13624837001.tar.gz,119.3,39.7,2024-01-23,GF2_PMS2_E119.3_N39.7_20240123_L1A13624837001-MSS2.xml,centertime,2024-01-23 09:41:08,2024-01-23 09:41:08,2024-01-23 09:41:08,centerlongitude,119.285397,centerlatitude,39.680935,xml_center,ok,
E:\进行时\美丽海湾\数据样本\GF2原始数据\GF2_PMS2_E119.3_N39.7_20250102_L1A14358250001.tar.gz,119.3,39.7,2025-01-02,GF2_PMS2_E119.3_N39.7_20250102_L1A14358250001-MSS2.xml,centertime,2025-01-02 09:41:04,2025-01-02 09:41:04,2025-01-02 09:41:03.500000,centerlongitude,119.344237,centerlatitude,39.680487,xml_center,ok,
E:\进行时\美丽海湾\数据样本\GF2原始数据\GF2_PMS2_E119.3_N39.9_20240123_L1A13624836001.tar.gz,119.3,39.9,2024-01-23,GF2_PMS2_E119.3_N39.9_20240123_L1A13624836001-MSS2.xml,centertime,2024-01-23 09:41:05,2024-01-23 09:41:05,2024-01-23 09:41:05,centerlongitude,119.338274,centerlatitude,39.858251,xml_center,ok,
E:\进行时\美丽海湾\数据样本\GF2原始数据\GF2_PMS2_E119.4_N39.3_20160826_L1A0001786056.tar.gz,119.4,39.3,2016-08-26,GF2_PMS2_E119.4_N39.3_20160826_L1A0001786056-MSS2.xml,centertime,2016-08-26 11:11:33,2016-08-26 11:11:33,2016-08-26 11:11:32.500000,corner_average_longitude,119.35025,corner_average_latitude,39.3221,xml_corner_average,ok,
E:\进行时\美丽海湾\数据样本\GF2原始数据\GF2_PMS2_E119.4_N39.7_20180306_L1A0003043985.tar.gz,119.4,39.7,2018-03-06,GF2_PMS2_E119.4_N39.7_20180306_L1A0003043985-MSS2.xml,centertime,2018-03-06 11:21:02,2018-03-06 11:21:02,2018-03-06 11:21:02,corner_average_longitude,119.35625,corner_average_latitude,39.676625,xml_corner_average,ok,
E:\进行时\美丽海湾\数据样本\GF2原始数据\GF2_PMS2_E119.4_N39.7_20211225_L1A0006167123.tar.gz,119.4,39.7,2021-12-25,GF2_PMS2_E119.4_N39.7_20211225_L1A0006167123-MSS2.xml,centertime,2021-12-25 10:45:21,2021-12-25 10:45:21,2021-12-25 10:45:21,corner_average_longitude,119.35849999999999,corner_average_latitude,39.6768,xml_corner_average,ok,
E:\进行时\美丽海湾\数据样本\GF2原始数据\GF2_PMS2_E119.4_N39.8_20150303_L1A0000678850.tar.gz,119.4,39.8,2015-03-03,GF2_PMS2_E119.4_N39.8_20150303_L1A0000678850-MSS2.xml,centertime,2015-03-03 10:56:54,2015-03-03 10:56:54,2015-03-03 10:56:54.500000,corner_average_longitude,119.30625,corner_average_latitude,39.809349999999995,xml_corner_average,ok,
E:\进行时\美丽海湾\数据样本\GF2原始数据\GF2_PMS2_E119.4_N39.9_20171103_L1A0002734772.tar.gz,119.4,39.9,2017-11-03,GF2_PMS2_E119.4_N39.9_20171103_L1A0002734772-MSS2.xml,centertime,2017-11-03 11:24:34,2017-11-03 11:24:34,2017-11-03 11:24:34.500000,corner_average_longitude,119.35275,corner_average_latitude,39.853075000000004,xml_corner_average,ok,
E:\进行时\美丽海湾\数据样本\GF2原始数据\GF2_PMS2_E119.4_N39.9_20211225_L1A0006167152.tar.gz,119.4,39.9,2021-12-25,GF2_PMS2_E119.4_N39.9_20211225_L1A0006167152-MSS2.xml,centertime,2021-12-25 10:45:18,2021-12-25 10:45:18,2021-12-25 10:45:18,corner_average_longitude,119.412,corner_average_latitude,39.85405,xml_corner_average,ok,
E:\进行时\美丽海湾\数据样本\GF2原始数据\GF2_PMS2_E119.4_N39.9_20231110_L1A13457946001.tar.gz,119.4,39.9,2023-11-10,GF2_PMS2_E119.4_N39.9_20231110_L1A13457946001-MSS2.xml,centertime,2023-11-10 09:48:43,2023-11-10 09:48:43,2023-11-10 09:48:43,centerlongitude,119.427138,centerlatitude,39.858257,xml_center,ok,
E:\进行时\美丽海湾\数据样本\GF2原始数据\GF2_PMS2_E119.4_N39.9_20250102_L1A14358249001.tar.gz,119.4,39.9,2025-01-02,GF2_PMS2_E119.4_N39.9_20250102_L1A14358249001-MSS2.xml,centertime,2025-01-02 09:41:01,2025-01-02 09:41:01,2025-01-02 09:41:00.500000,centerlongitude,119.399316,centerlatitude,39.857791,xml_center,ok,
E:\进行时\美丽海湾\数据样本\GF2原始数据\GF2_PMS2_E119.5_N39.9_20160826_L1A0001786053.tar.gz,119.5,39.9,2016-08-26,GF2_PMS2_E119.5_N39.9_20160826_L1A0001786053-MSS2.xml,centertime,2016-08-26 11:11:24,2016-08-26 11:11:24,2016-08-26 11:11:24,corner_average_longitude,119.49925,corner_average_latitude,39.854075,xml_corner_average,ok,
E:\进行时\美丽海湾\数据样本\GF2原始数据\GF2_PMS2_E119.5_N39.9_20190404_L1A0003922059.tar.gz,119.5,39.9,2019-04-04,GF2_PMS2_E119.5_N39.9_20190404_L1A0003922059-MSS2.xml,centertime,2019-04-04 11:13:24,2019-04-04 11:13:24,2019-04-04 11:13:23.500000,corner_average_longitude,119.521,corner_average_latitude,39.854325,xml_corner_average,ok,
E:\进行时\美丽海湾\数据样本\GF2原始数据\GF2_PMS2_E119.6_N39.9_20151016_L1A0001104104.tar.gz,119.6,39.9,2015-10-16,GF2_PMS2_E119.6_N39.9_20151016_L1A0001104104-MSS2.xml,centertime,2015-10-16 11:11:33,2015-10-16 11:11:33,2015-10-16 11:11:33.500000,corner_average_longitude,119.61025,corner_average_latitude,39.850125,xml_corner_average,ok,
E:\进行时\美丽海湾\数据样本\GF2原始数据\GF2_PMS2_E119.6_N39.9_20151016_L1A0001200808.tar.gz,119.6,39.9,2015-10-16,GF2_PMS2_E119.6_N39.9_20151016_L1A0001200808-MSS2.xml,centertime,2015-10-16 11:11:33,2015-10-16 11:11:33,2015-10-16 11:11:33.500000,corner_average_longitude,119.61025,corner_average_latitude,39.850125,xml_corner_average,ok,
E:\进行时\美丽海湾\数据样本\GF2原始数据\GF2_PMS2_E119.6_N39.9_20201101_L1A0005189074.tar.gz,119.6,39.9,2020-11-01,GF2_PMS2_E119.6_N39.9_20201101_L1A0005189074-MSS2.xml,centertime,2020-11-01 11:05:41,2020-11-01 11:05:41,2020-11-01 11:05:40.500000,corner_average_longitude,119.56925,corner_average_latitude,39.853825,xml_corner_average,ok,
E:\进行时\美丽海湾\数据样本\GF2原始数据\GF2_PMS2_E119.6_N39.9_20220403_L1A0006387170.tar.gz,119.6,39.9,2022-04-03,GF2_PMS2_E119.6_N39.9_20220403_L1A0006387170-MSS2.xml,centertime,2022-04-03 10:47:53,2022-04-03 10:47:53,2022-04-03 10:47:53,corner_average_longitude,119.62625,corner_average_latitude,39.84885,xml_corner_average,ok,
E:\进行时\美丽海湾\数据样本\GF2原始数据\GF2_PMS2_E119.6_N39.9_20221130_L1A0006960430.tar.gz,119.6,39.9,2022-11-30,GF2_PMS2_E119.6_N39.9_20221130_L1A0006960430-MSS2.xml,centertime,2022-11-30 10:20:25,2022-11-30 10:20:25,2022-11-30 10:20:24.500000,corner_average_longitude,119.563148,corner_average_latitude,39.85803325,xml_corner_average,ok,
E:\进行时\美丽海湾\数据样本\GF2原始数据\GF2_PMS2_E119.6_N39.9_20240604_L1A13888490001.tar.gz,119.6,39.9,2024-06-04,GF2_PMS2_E119.6_N39.9_20240604_L1A13888490001-MSS2.xml,centertime,2024-06-04 09:24:40,2024-06-04 09:24:40,2024-06-04 09:24:39.500000,centerlongitude,119.575176,centerlatitude,39.857891,xml_center,ok,
E:\进行时\美丽海湾\数据样本\GF2原始数据\GF2_PMS2_E119.7_N39.8_20150202_L1A0000629082.tar.gz,119.7,39.8,2015-02-02,GF2_PMS2_E119.7_N39.8_20150202_L1A0000629082-MSS2.xml,centertime,2015-02-02 11:05:55,2015-02-02 11:05:55,2015-02-02 11:05:55.500000,corner_average_longitude,119.70775,corner_average_latitude,39.911125,xml_corner_average,ok,
E:\进行时\美丽海湾\数据样本\GF2原始数据\GF2_PMS2_E119.7_N40.0_20220403_L1A0006387168.tar.gz,119.7,40.0,2022-04-03,GF2_PMS2_E119.7_N40.0_20220403_L1A0006387168-MSS2.xml,centertime,2022-04-03 10:47:50,2022-04-03 10:47:50,2022-04-03 10:47:50,corner_average_longitude,119.6865,corner_average_latitude,40.026175,xml_corner_average,ok,
E:\进行时\美丽海湾\数据样本\GF2原始数据\GF2_PMS2_E119.7_N40.0_20250515_L1A14637050001.tar.gz,119.7,40.0,2025-05-15,GF2_PMS2_E119.7_N40.0_20250515_L1A14637050001-MSS2.xml,centertime,2025-05-15 09:50:51,2025-05-15 09:50:51,2025-05-15 09:50:51.500000,centerlongitude,119.671027,centerlatitude,40.034314,xml_center,ok,
E:\进行时\美丽海湾\数据样本\GF2原始数据\GF2_PMS2_E119.8_N40.0_20180301_L1A0003034467.tar.gz,119.8,40.0,2018-03-01,GF2_PMS2_E119.8_N40.0_20180301_L1A0003034467-MSS2.xml,centertime,2018-03-01 11:19:34,2018-03-01 11:19:34,2018-03-01 11:19:34,corner_average_longitude,119.80525,corner_average_latitude,40.031225,xml_corner_average,ok,
E:\进行时\美丽海湾\数据样本\GF2原始数据\GF2_PMS2_E119.8_N40.0_20200408_L1A0004973922.tar.gz,119.8,40.0,2020-04-08,GF2_PMS2_E119.8_N40.0_20200408_L1A0004973922-MSS2.xml,centertime,2020-04-08 11:12:11,2020-04-08 11:12:11,2020-04-08 11:12:11.500000,corner_average_longitude,119.78175,corner_average_latitude,40.030375,xml_corner_average,ok,
E:\进行时\美丽海湾\数据样本\GF2原始数据\GF2_PMS2_E119.8_N40.0_20241228_L1A14348266001.tar.gz,119.8,40.0,2024-12-28,GF2_PMS2_E119.8_N40.0_20241228_L1A14348266001-MSS2.xml,centertime,2024-12-28 09:39:13,2024-12-28 09:39:13,2024-12-28 09:39:13.500000,centerlongitude,119.783422,centerlatitude,40.035081,xml_center,ok,
E:\进行时\美丽海湾\数据样本\GF2原始数据\GF2_PMS2_E120.0_N40.0_20170131_L1A0002156985.tar.gz,120.0,40.0,2017-01-31,GF2_PMS2_E120.0_N40.0_20170131_L1A0002156985-MSS2.xml,centertime,2017-01-31 11:20:30,2017-01-31 11:20:30,2017-01-31 11:20:30.500000,corner_average_longitude,119.96025,corner_average_latitude,40.030225,xml_corner_average,ok,
E:\进行时\美丽海湾\数据样本\GF2原始数据\GF2_PMS2_E122.7_N38.6_20150817_L1A0000983127.tar.gz,122.7,38.6,2015-08-17,GF2_PMS2_E122.7_N38.6_20150817_L1A0000983127-MSS2.xml,centertime,2015-08-17 10:52:40,2015-08-17 10:52:40,2015-08-17 10:52:40,corner_average_longitude,118.05324999999999,corner_average_latitude,39.164325000000005,xml_corner_average,ok,
